territory,indicator,dashboard_concept,year,value,unit,source,data_level,confidence,retrieved_date
Sabah,Clean water access,clean_water_access,2000,73.0,%,data.gov.my / OpenDOSM,state,high,2026-09-28
Sabah,Clean water access,clean_water_access,2001,72.9,%,data.gov.my / OpenDOSM,state,high,2026-09-28
Sabah,Clean water access,clean_water_access,2002,72.9,%,data.gov.my / OpenDOSM,state,high,2026-09-28
Sabah,Clean water access,clean_water_access,2003,73.9,%,data.gov.my / OpenDOSM,state,high,2026-09-28
Sabah,Clean water access,clean_water_access,2004,75.8,%,data.gov.my / OpenDOSM,state,high,2026-09-28
Sabah,Clean water access,clean_water_access,2005,75.5,%,data.gov.my / OpenDOSM,state,high,2026-09-28
Sabah,Clean water access,clean_water_access,2006,77.0,%,data.gov.my / OpenDOSM,state,high,2026-09-28
Sabah,Clean water access,clean_water_access,2007,76.0,%,data.gov.my / OpenDOSM,state,high,2026-09-28
Sabah,Clean water access,clean_water_access,2008,76.0,%,data.gov.my / OpenDOSM,state,high,2026-09-28
Sabah,Clean water access,clean_water_access,2009,76.3,%,data.gov.my / OpenDOSM,state,high,2026-09-28
Sabah,Clean water access,clean_water_access,2010,79.7,%,data.gov.my / OpenDOSM,state,high,2026-09-28
Sabah,Clean water access,clean_water_access,2011,80.0,%,data.gov.my / OpenDOSM,state,high,2026-09-28
Sabah,Clean water access,clean_water_access,2012,82.0,%,data.gov.my / OpenDOSM,state,high,2026-09-28
Sabah,Clean water access,clean_water_access,2013,86.0,%,data.gov.my / OpenDOSM,state,high,2026-09-28
Sabah,Clean water access,clean_water_access,2014,86.5,%,data.gov.my / OpenDOSM,state,high,2026-09-28
Sabah,Clean water access,clean_water_access,2015,87.9,%,data.gov.my / OpenDOSM,state,high,2026-09-28
Sabah,Clean water access,clean_water_access,2016,89.4,%,data.gov.my / OpenDOSM,state,high,2026-09-28
Sabah,Clean water access,clean_water_access,2017,89.0,%,data.gov.my / OpenDOSM,state,high,2026-09-28
Sabah,Clean water access,clean_water_access,2018,89.0,%,data.gov.my / OpenDOSM,state,high,2026-09-28
Sabah,Clean water access,clean_water_access,2019,89.0,%,data.gov.my / OpenDOSM,state,high,2026-09-28
Sabah,Clean water access,clean_water_access,2020,77.0,%,data.gov.my / OpenDOSM,state,high,2026-09-28
Sabah,Clean water access,clean_water_access,2021,78.0,%,data.gov.my / OpenDOSM,state,high,2026-09-28
Sabah,Clean water access,clean_water_access,2022,80.5,%,data.gov.my / OpenDOSM,state,high,2026-09-28
Sarawak,Clean water access,clean_water_access,2000,96.0,%,data.gov.my / OpenDOSM,state,high,2026-09-28
Sarawak,Clean water access,clean_water_access,2001,95.8,%,data.gov.my / OpenDOSM,state,high,2026-09-28
Sarawak,Clean water access,clean_water_access,2002,95.8,%,data.gov.my / OpenDOSM,state,high,2026-09-28
Sarawak,Clean water access,clean_water_access,2003,95.8,%,data.gov.my / OpenDOSM,state,high,2026-09-28
Sarawak,Clean water access,clean_water_access,2004,96.0,%,data.gov.my / OpenDOSM,state,high,2026-09-28
Sarawak,Clean water access,clean_water_access,2005,96.0,%,data.gov.my / OpenDOSM,state,high,2026-09-28
Sarawak,Clean water access,clean_water_access,2006,96.0,%,data.gov.my / OpenDOSM,state,high,2026-09-28
Sarawak,Clean water access,clean_water_access,2007,77.0,%,data.gov.my / OpenDOSM,state,high,2026-09-28
Sarawak,Clean water access,clean_water_access,2008,78.0,%,data.gov.my / OpenDOSM,state,high,2026-09-28
Sarawak,Clean water access,clean_water_access,2009,86.2,%,data.gov.my / OpenDOSM,state,high,2026-09-28
Sarawak,Clean water access,clean_water_access,2010,93.7,%,data.gov.my / OpenDOSM,state,high,2026-09-28
Sarawak,Clean water access,clean_water_access,2011,93.7,%,data.gov.my / OpenDOSM,state,high,2026-09-28
Sarawak,Clean water access,clean_water_access,2012,93.8,%,data.gov.my / OpenDOSM,state,high,2026-09-28
Sarawak,Clean water access,clean_water_access,2013,93.8,%,data.gov.my / OpenDOSM,state,high,2026-09-28
Sarawak,Clean water access,clean_water_access,2014,94.0,%,data.gov.my / OpenDOSM,state,high,2026-09-28
Sarawak,Clean water access,clean_water_access,2015,87.9,%,data.gov.my / OpenDOSM,state,high,2026-09-28
Sarawak,Clean water access,clean_water_access,2016,89.2,%,data.gov.my / OpenDOSM,state,high,2026-09-28
Sarawak,Clean water access,clean_water_access,2017,89.6,%,data.gov.my / OpenDOSM,state,high,2026-09-28
Sarawak,Clean water access,clean_water_access,2018,89.8,%,data.gov.my / OpenDOSM,state,high,2026-09-28
Sarawak,Clean water access,clean_water_access,2019,81.9,%,data.gov.my / OpenDOSM,state,high,2026-09-28
Sarawak,Clean water access,clean_water_access,2020,83.4,%,data.gov.my / OpenDOSM,state,high,2026-09-28
Sarawak,Clean water access,clean_water_access,2021,83.6,%,data.gov.my / OpenDOSM,state,high,2026-09-28
Sarawak,Clean water access,clean_water_access,2022,83.7,%,data.gov.my / OpenDOSM,state,high,2026-09-28
Sabah,Unemployment rate,unemployment_rate,2017,5.95,%,data.gov.my / OpenDOSM (annual avg of quarters),state,high,2026-09-28
Sabah,Unemployment rate,unemployment_rate,2018,5.95,%,data.gov.my / OpenDOSM (annual avg of quarters),state,high,2026-09-28
Sabah,Unemployment rate,unemployment_rate,2019,5.88,%,data.gov.my / OpenDOSM (annual avg of quarters),state,high,2026-09-28
Sabah,Unemployment rate,unemployment_rate,2020,8.2,%,data.gov.my / OpenDOSM (annual avg of quarters),state,high,2026-09-28
Sabah,Unemployment rate,unemployment_rate,2021,8.9,%,data.gov.my / OpenDOSM (annual avg of quarters),state,high,2026-09-28
Sabah,Unemployment rate,unemployment_rate,2022,8.5,%,data.gov.my / OpenDOSM (annual avg of quarters),state,high,2026-09-28
Sabah,Unemployment rate,unemployment_rate,2023,7.53,%,data.gov.my / OpenDOSM (annual avg of quarters),state,high,2026-09-28
Sabah,Unemployment rate,unemployment_rate,2024,7.55,%,data.gov.my / OpenDOSM (annual avg of quarters),state,high,2026-09-28
Sabah,Unemployment rate,unemployment_rate,2025,6.2,%,data.gov.my / OpenDOSM (annual avg of quarters),state,high,2026-09-28
Sarawak,Unemployment rate,unemployment_rate,2017,3.05,%,data.gov.my / OpenDOSM (annual avg of quarters),state,high,2026-09-28
Sarawak,Unemployment rate,unemployment_rate,2018,3.17,%,data.gov.my / OpenDOSM (annual avg of quarters),state,high,2026-09-28
Sarawak,Unemployment rate,unemployment_rate,2019,3.23,%,data.gov.my / OpenDOSM (annual avg of quarters),state,high,2026-09-28
Sarawak,Unemployment rate,unemployment_rate,2020,4.35,%,data.gov.my / OpenDOSM (annual avg of quarters),state,high,2026-09-28
Sarawak,Unemployment rate,unemployment_rate,2021,4.42,%,data.gov.my / OpenDOSM (annual avg of quarters),state,high,2026-09-28
Sarawak,Unemployment rate,unemployment_rate,2022,3.15,%,data.gov.my / OpenDOSM (annual avg of quarters),state,high,2026-09-28
Sarawak,Unemployment rate,unemployment_rate,2023,3.45,%,data.gov.my / OpenDOSM (annual avg of quarters),state,high,2026-09-28
Sarawak,Unemployment rate,unemployment_rate,2024,3.27,%,data.gov.my / OpenDOSM (annual avg of quarters),state,high,2026-09-28
Sarawak,Unemployment rate,unemployment_rate,2025,3.3,%,data.gov.my / OpenDOSM (annual avg of quarters),state,high,2026-09-28
Sabah,GDP growth,economy,2016,5.1,%,data.gov.my / OpenDOSM,state,high,2026-09-28
Sabah,GDP growth,economy,2017,8.1,%,data.gov.my / OpenDOSM,state,high,2026-09-28
Sabah,GDP growth,economy,2018,1.5,%,data.gov.my / OpenDOSM,state,high,2026-09-28
Sabah,GDP growth,economy,2019,0.7,%,data.gov.my / OpenDOSM,state,high,2026-09-28
Sabah,GDP growth,economy,2020,-9.1,%,data.gov.my / OpenDOSM,state,high,2026-09-28
Sabah,GDP growth,economy,2021,1.5,%,data.gov.my / OpenDOSM,state,high,2026-09-28
Sabah,GDP growth,economy,2022,3.9,%,data.gov.my / OpenDOSM,state,high,2026-09-28
Sabah,GDP growth,economy,2023,1.7,%,data.gov.my / OpenDOSM,state,high,2026-09-28
Sabah,GDP growth,economy,2024,1.2,%,data.gov.my / OpenDOSM,state,high,2026-09-28
Sabah,GDP growth,economy,2025,5.1,%,data.gov.my / OpenDOSM,state,high,2026-09-28
Sarawak,GDP growth,economy,2016,2.4,%,data.gov.my / OpenDOSM,state,high,2026-09-28
Sarawak,GDP growth,economy,2017,4.5,%,data.gov.my / OpenDOSM,state,high,2026-09-28
Sarawak,GDP growth,economy,2018,2.2,%,data.gov.my / OpenDOSM,state,high,2026-09-28
Sarawak,GDP growth,economy,2019,2.8,%,data.gov.my / OpenDOSM,state,high,2026-09-28
Sarawak,GDP growth,economy,2020,-6.7,%,data.gov.my / OpenDOSM,state,high,2026-09-28
Sarawak,GDP growth,economy,2021,3.2,%,data.gov.my / OpenDOSM,state,high,2026-09-28
Sarawak,GDP growth,economy,2022,6.9,%,data.gov.my / OpenDOSM,state,high,2026-09-28
Sarawak,GDP growth,economy,2023,1.5,%,data.gov.my / OpenDOSM,state,high,2026-09-28
Sarawak,GDP growth,economy,2024,3.8,%,data.gov.my / OpenDOSM,state,high,2026-09-28
Sarawak,GDP growth,economy,2025,3.6,%,data.gov.my / OpenDOSM,state,high,2026-09-28
Sabah,Poverty rate (absolute),poverty,2002,16.0,%,data.gov.my / OpenDOSM,state,high,2026-09-28
Sabah,Poverty rate (absolute),poverty,2004,24.2,%,data.gov.my / OpenDOSM,state,high,2026-09-28
Sabah,Poverty rate (absolute),poverty,2007,16.4,%,data.gov.my / OpenDOSM,state,high,2026-09-28
Sabah,Poverty rate (absolute),poverty,2009,19.7,%,data.gov.my / OpenDOSM,state,high,2026-09-28
Sabah,Poverty rate (absolute),poverty,2012,8.1,%,data.gov.my / OpenDOSM,state,high,2026-09-28
Sabah,Poverty rate (absolute),poverty,2014,4.0,%,data.gov.my / OpenDOSM,state,high,2026-09-28
Sabah,Poverty rate (absolute),poverty,2016,2.9,%,data.gov.my / OpenDOSM,state,high,2026-09-28
Sabah,Poverty rate (absolute),poverty,2019,19.5,%,data.gov.my / OpenDOSM,state,high,2026-09-28
Sabah,Poverty rate (absolute),poverty,2020,25.3,%,data.gov.my / OpenDOSM,state,high,2026-09-28
Sabah,Poverty rate (absolute),poverty,2022,19.7,%,data.gov.my / OpenDOSM,state,high,2026-09-28
Sabah,Poverty rate (absolute),poverty,2024,17.7,%,data.gov.my / OpenDOSM,state,high,2026-09-28
Sarawak,Poverty rate (absolute),poverty,2002,5.8,%,data.gov.my / OpenDOSM,state,high,2026-09-28
Sarawak,Poverty rate (absolute),poverty,2004,7.5,%,data.gov.my / OpenDOSM,state,high,2026-09-28
Sarawak,Poverty rate (absolute),poverty,2007,4.2,%,data.gov.my / OpenDOSM,state,high,2026-09-28
Sarawak,Poverty rate (absolute),poverty,2009,5.3,%,data.gov.my / OpenDOSM,state,high,2026-09-28
Sarawak,Poverty rate (absolute),poverty,2012,2.4,%,data.gov.my / OpenDOSM,state,high,2026-09-28
Sarawak,Poverty rate (absolute),poverty,2014,0.9,%,data.gov.my / OpenDOSM,state,high,2026-09-28
Sarawak,Poverty rate (absolute),poverty,2016,0.6,%,data.gov.my / OpenDOSM,state,high,2026-09-28
Sarawak,Poverty rate (absolute),poverty,2019,9.0,%,data.gov.my / OpenDOSM,state,high,2026-09-28
Sarawak,Poverty rate (absolute),poverty,2020,12.9,%,data.gov.my / OpenDOSM,state,high,2026-09-28
Sarawak,Poverty rate (absolute),poverty,2022,10.8,%,data.gov.my / OpenDOSM,state,high,2026-09-28
Sarawak,Poverty rate (absolute),poverty,2024,8.4,%,data.gov.my / OpenDOSM,state,high,2026-09-28
Brunei,Unemployment rate,unemployment_rate,2000,5.53,%,World Bank,national,high,2026-09-28
Brunei,Unemployment rate,unemployment_rate,2001,5.56,%,World Bank,national,high,2026-09-28
Brunei,Unemployment rate,unemployment_rate,2002,5.65,%,World Bank,national,high,2026-09-28
Brunei,Unemployment rate,unemployment_rate,2003,5.74,%,World Bank,national,high,2026-09-28
Brunei,Unemployment rate,unemployment_rate,2004,5.85,%,World Bank,national,high,2026-09-28
Brunei,Unemployment rate,unemployment_rate,2005,5.97,%,World Bank,national,high,2026-09-28
Brunei,Unemployment rate,unemployment_rate,2006,6.06,%,World Bank,national,high,2026-09-28
Brunei,Unemployment rate,unemployment_rate,2007,6.19,%,World Bank,national,high,2026-09-28
Brunei,Unemployment rate,unemployment_rate,2008,6.31,%,World Bank,national,high,2026-09-28
Brunei,Unemployment rate,unemployment_rate,2009,6.46,%,World Bank,national,high,2026-09-28
Brunei,Unemployment rate,unemployment_rate,2010,6.49,%,World Bank,national,high,2026-09-28
Brunei,Unemployment rate,unemployment_rate,2011,6.51,%,World Bank,national,high,2026-09-28
Brunei,Unemployment rate,unemployment_rate,2012,6.57,%,World Bank,national,high,2026-09-28
Brunei,Unemployment rate,unemployment_rate,2013,6.71,%,World Bank,national,high,2026-09-28
Brunei,Unemployment rate,unemployment_rate,2014,6.86,%,World Bank,national,high,2026-09-28
Brunei,Unemployment rate,unemployment_rate,2015,7.7,%,World Bank,national,high,2026-09-28
Brunei,Unemployment rate,unemployment_rate,2016,8.54,%,World Bank,national,high,2026-09-28
Brunei,Unemployment rate,unemployment_rate,2017,9.32,%,World Bank,national,high,2026-09-28
Brunei,Unemployment rate,unemployment_rate,2018,8.7,%,World Bank,national,high,2026-09-28
Brunei,Unemployment rate,unemployment_rate,2019,6.6,%,World Bank,national,high,2026-09-28
Brunei,Unemployment rate,unemployment_rate,2020,7.41,%,World Bank,national,high,2026-09-28
Brunei,Unemployment rate,unemployment_rate,2021,4.91,%,World Bank,national,high,2026-09-28
Brunei,Unemployment rate,unemployment_rate,2022,5.19,%,World Bank,national,high,2026-09-28
Brunei,Unemployment rate,unemployment_rate,2023,5.3,%,World Bank,national,high,2026-09-28
Brunei,Unemployment rate,unemployment_rate,2024,5.18,%,World Bank,national,high,2026-09-28
Brunei,Unemployment rate,unemployment_rate,2025,5.28,%,World Bank,national,high,2026-09-28
Brunei,GDP growth,economy,2000,3.47,%,World Bank,national,high,2026-09-28
Brunei,GDP growth,economy,2001,1.47,%,World Bank,national,high,2026-09-28
Brunei,GDP growth,economy,2002,3.96,%,World Bank,national,high,2026-09-28
Brunei,GDP growth,economy,2003,3.58,%,World Bank,national,high,2026-09-28
Brunei,GDP growth,economy,2004,0.1,%,World Bank,national,high,2026-09-28
Brunei,GDP growth,economy,2005,-0.0,%,World Bank,national,high,2026-09-28
Brunei,GDP growth,economy,2006,4.1,%,World Bank,national,high,2026-09-28
Brunei,GDP growth,economy,2007,-3.76,%,World Bank,national,high,2026-09-28
Brunei,GDP growth,economy,2008,-3.9,%,World Bank,national,high,2026-09-28
Brunei,GDP growth,economy,2009,-1.9,%,World Bank,national,high,2026-09-28
Brunei,GDP growth,economy,2010,2.74,%,World Bank,national,high,2026-09-28
Brunei,GDP growth,economy,2011,3.74,%,World Bank,national,high,2026-09-28
Brunei,GDP growth,economy,2012,0.91,%,World Bank,national,high,2026-09-28
Brunei,GDP growth,economy,2013,-2.12,%,World Bank,national,high,2026-09-28
Brunei,GDP growth,economy,2014,-2.51,%,World Bank,national,high,2026-09-28
Brunei,GDP growth,economy,2015,-0.39,%,World Bank,national,high,2026-09-28
Brunei,GDP growth,economy,2016,-2.48,%,World Bank,national,high,2026-09-28
Brunei,GDP growth,economy,2017,1.33,%,World Bank,national,high,2026-09-28
Brunei,GDP growth,economy,2018,0.05,%,World Bank,national,high,2026-09-28
Brunei,GDP growth,economy,2019,3.87,%,World Bank,national,high,2026-09-28
Brunei,GDP growth,economy,2020,1.13,%,World Bank,national,high,2026-09-28
Brunei,GDP growth,economy,2021,-1.59,%,World Bank,national,high,2026-09-28
Brunei,GDP growth,economy,2022,-1.63,%,World Bank,national,high,2026-09-28
Brunei,GDP growth,economy,2023,1.13,%,World Bank,national,high,2026-09-28
Brunei,GDP growth,economy,2024,4.05,%,World Bank,national,high,2026-09-28
Brunei,GDP growth,economy,2025,0.67,%,World Bank,national,high,2026-09-28
Brunei,Clean water access,clean_water_access,2000,99.56,%,World Bank,national,high,2026-09-28
Brunei,Clean water access,clean_water_access,2001,99.58,%,World Bank,national,high,2026-09-28
Brunei,Clean water access,clean_water_access,2002,99.61,%,World Bank,national,high,2026-09-28
Brunei,Clean water access,clean_water_access,2003,99.63,%,World Bank,national,high,2026-09-28
Brunei,Clean water access,clean_water_access,2004,99.65,%,World Bank,national,high,2026-09-28
Brunei,Clean water access,clean_water_access,2005,99.67,%,World Bank,national,high,2026-09-28
Brunei,Clean water access,clean_water_access,2006,99.7,%,World Bank,national,high,2026-09-28
Brunei,Clean water access,clean_water_access,2007,99.72,%,World Bank,national,high,2026-09-28
Brunei,Clean water access,clean_water_access,2008,99.74,%,World Bank,national,high,2026-09-28
Brunei,Clean water access,clean_water_access,2009,99.76,%,World Bank,national,high,2026-09-28
Brunei,Clean water access,clean_water_access,2010,99.79,%,World Bank,national,high,2026-09-28
Brunei,Clean water access,clean_water_access,2011,99.81,%,World Bank,national,high,2026-09-28
Brunei,Clean water access,clean_water_access,2012,99.83,%,World Bank,national,high,2026-09-28
Brunei,Clean water access,clean_water_access,2013,99.85,%,World Bank,national,high,2026-09-28
Brunei,Clean water access,clean_water_access,2014,99.88,%,World Bank,national,high,2026-09-28
Brunei,Clean water access,clean_water_access,2015,99.9,%,World Bank,national,high,2026-09-28
Brunei,Clean water access,clean_water_access,2016,99.9,%,World Bank,national,high,2026-09-28
Brunei,Clean water access,clean_water_access,2017,99.9,%,World Bank,national,high,2026-09-28
Brunei,Clean water access,clean_water_access,2018,99.9,%,World Bank,national,high,2026-09-28
Brunei,Clean water access,clean_water_access,2019,99.9,%,World Bank,national,high,2026-09-28
Brunei,Clean water access,clean_water_access,2020,100,%,World Bank,national,high,2026-09-28
Brunei,Clean water access,clean_water_access,2021,100,%,World Bank,national,high,2026-09-28
Brunei,Clean water access,clean_water_access,2022,100,%,World Bank,national,high,2026-09-28
Brunei,Clean water access,clean_water_access,2023,100,%,World Bank,national,high,2026-09-28
Brunei,Clean water access,clean_water_access,2024,100,%,World Bank,national,high,2026-09-28
Brunei,Life expectancy,healthcare,2000,74.02,years,World Bank,national,high,2026-09-28
Brunei,Life expectancy,healthcare,2001,74.21,years,World Bank,national,high,2026-09-28
Brunei,Life expectancy,healthcare,2002,74.36,years,World Bank,national,high,2026-09-28
Brunei,Life expectancy,healthcare,2003,74.51,years,World Bank,national,high,2026-09-28
Brunei,Life expectancy,healthcare,2004,74.6,years,World Bank,national,high,2026-09-28
Brunei,Life expectancy,healthcare,2005,74.68,years,World Bank,national,high,2026-09-28
Brunei,Life expectancy,healthcare,2006,74.75,years,World Bank,national,high,2026-09-28
Brunei,Life expectancy,healthcare,2007,74.79,years,World Bank,national,high,2026-09-28
Brunei,Life expectancy,healthcare,2008,74.81,years,World Bank,national,high,2026-09-28
Brunei,Life expectancy,healthcare,2009,74.81,years,World Bank,national,high,2026-09-28
Brunei,Life expectancy,healthcare,2010,74.82,years,World Bank,national,high,2026-09-28
Brunei,Life expectancy,healthcare,2011,74.83,years,World Bank,national,high,2026-09-28
Brunei,Life expectancy,healthcare,2012,74.84,years,World Bank,national,high,2026-09-28
Brunei,Life expectancy,healthcare,2013,74.85,years,World Bank,national,high,2026-09-28
Brunei,Life expectancy,healthcare,2014,74.86,years,World Bank,national,high,2026-09-28
Brunei,Life expectancy,healthcare,2015,74.88,years,World Bank,national,high,2026-09-28
Brunei,Life expectancy,healthcare,2016,74.91,years,World Bank,national,high,2026-09-28
Brunei,Life expectancy,healthcare,2017,74.94,years,World Bank,national,high,2026-09-28
Brunei,Life expectancy,healthcare,2018,74.99,years,World Bank,national,high,2026-09-28
Brunei,Life expectancy,healthcare,2019,75.05,years,World Bank,national,high,2026-09-28
Brunei,Life expectancy,healthcare,2020,75.11,years,World Bank,national,high,2026-09-28
Brunei,Life expectancy,healthcare,2021,74.87,years,World Bank,national,high,2026-09-28
Brunei,Life expectancy,healthcare,2022,72.92,years,World Bank,national,high,2026-09-28
Brunei,Life expectancy,healthcare,2023,75.33,years,World Bank,national,high,2026-09-28
Brunei,Life expectancy,healthcare,2024,75.5,years,World Bank,national,high,2026-09-28
Kalimantan,Unemployment rate,unemployment_rate,2000,6.08,%,World Bank,national,medium,2026-09-28
Kalimantan,Unemployment rate,unemployment_rate,2001,6.08,%,World Bank,national,medium,2026-09-28
Kalimantan,Unemployment rate,unemployment_rate,2002,6.6,%,World Bank,national,medium,2026-09-28
Kalimantan,Unemployment rate,unemployment_rate,2003,6.66,%,World Bank,national,medium,2026-09-28
Kalimantan,Unemployment rate,unemployment_rate,2004,7.3,%,World Bank,national,medium,2026-09-28
Kalimantan,Unemployment rate,unemployment_rate,2005,7.95,%,World Bank,national,medium,2026-09-28
Kalimantan,Unemployment rate,unemployment_rate,2006,7.55,%,World Bank,national,medium,2026-09-28
Kalimantan,Unemployment rate,unemployment_rate,2007,8.06,%,World Bank,national,medium,2026-09-28
Kalimantan,Unemployment rate,unemployment_rate,2008,7.21,%,World Bank,national,medium,2026-09-28
Kalimantan,Unemployment rate,unemployment_rate,2009,6.11,%,World Bank,national,medium,2026-09-28
Kalimantan,Unemployment rate,unemployment_rate,2010,5.61,%,World Bank,national,medium,2026-09-28
Kalimantan,Unemployment rate,unemployment_rate,2011,5.15,%,World Bank,national,medium,2026-09-28
Kalimantan,Unemployment rate,unemployment_rate,2012,4.47,%,World Bank,national,medium,2026-09-28
Kalimantan,Unemployment rate,unemployment_rate,2013,4.34,%,World Bank,national,medium,2026-09-28
Kalimantan,Unemployment rate,unemployment_rate,2014,4.05,%,World Bank,national,medium,2026-09-28
Kalimantan,Unemployment rate,unemployment_rate,2015,4.51,%,World Bank,national,medium,2026-09-28
Kalimantan,Unemployment rate,unemployment_rate,2016,4.3,%,World Bank,national,medium,2026-09-28
Kalimantan,Unemployment rate,unemployment_rate,2017,3.78,%,World Bank,national,medium,2026-09-28
Kalimantan,Unemployment rate,unemployment_rate,2018,4.39,%,World Bank,national,medium,2026-09-28
Kalimantan,Unemployment rate,unemployment_rate,2019,3.59,%,World Bank,national,medium,2026-09-28
Kalimantan,Unemployment rate,unemployment_rate,2020,4.25,%,World Bank,national,medium,2026-09-28
Kalimantan,Unemployment rate,unemployment_rate,2021,3.83,%,World Bank,national,medium,2026-09-28
Kalimantan,Unemployment rate,unemployment_rate,2022,3.46,%,World Bank,national,medium,2026-09-28
Kalimantan,Unemployment rate,unemployment_rate,2023,3.31,%,World Bank,national,medium,2026-09-28
Kalimantan,Unemployment rate,unemployment_rate,2024,3.3,%,World Bank,national,medium,2026-09-28
Kalimantan,Unemployment rate,unemployment_rate,2025,3.24,%,World Bank,national,medium,2026-09-28
Kalimantan,GDP growth,economy,2000,4.92,%,World Bank,national,medium,2026-09-28
Kalimantan,GDP growth,economy,2001,3.64,%,World Bank,national,medium,2026-09-28
Kalimantan,GDP growth,economy,2002,4.5,%,World Bank,national,medium,2026-09-28
Kalimantan,GDP growth,economy,2003,4.78,%,World Bank,national,medium,2026-09-28
Kalimantan,GDP growth,economy,2004,5.03,%,World Bank,national,medium,2026-09-28
Kalimantan,GDP growth,economy,2005,5.69,%,World Bank,national,medium,2026-09-28
Kalimantan,GDP growth,economy,2006,5.5,%,World Bank,national,medium,2026-09-28
Kalimantan,GDP growth,economy,2007,6.35,%,World Bank,national,medium,2026-09-28
Kalimantan,GDP growth,economy,2008,6.01,%,World Bank,national,medium,2026-09-28
Kalimantan,GDP growth,economy,2009,4.63,%,World Bank,national,medium,2026-09-28
Kalimantan,GDP growth,economy,2010,6.22,%,World Bank,national,medium,2026-09-28
Kalimantan,GDP growth,economy,2011,6.17,%,World Bank,national,medium,2026-09-28
Kalimantan,GDP growth,economy,2012,6.03,%,World Bank,national,medium,2026-09-28
Kalimantan,GDP growth,economy,2013,5.56,%,World Bank,national,medium,2026-09-28
Kalimantan,GDP growth,economy,2014,5.01,%,World Bank,national,medium,2026-09-28
Kalimantan,GDP growth,economy,2015,4.88,%,World Bank,national,medium,2026-09-28
Kalimantan,GDP growth,economy,2016,5.03,%,World Bank,national,medium,2026-09-28
Kalimantan,GDP growth,economy,2017,5.07,%,World Bank,national,medium,2026-09-28
Kalimantan,GDP growth,economy,2018,5.17,%,World Bank,national,medium,2026-09-28
Kalimantan,GDP growth,economy,2019,5.02,%,World Bank,national,medium,2026-09-28
Kalimantan,GDP growth,economy,2020,-2.07,%,World Bank,national,medium,2026-09-28
Kalimantan,GDP growth,economy,2021,3.7,%,World Bank,national,medium,2026-09-28
Kalimantan,GDP growth,economy,2022,5.31,%,World Bank,national,medium,2026-09-28
Kalimantan,GDP growth,economy,2023,5.05,%,World Bank,national,medium,2026-09-28
Kalimantan,GDP growth,economy,2024,5.03,%,World Bank,national,medium,2026-09-28
Kalimantan,GDP growth,economy,2025,5.11,%,World Bank,national,medium,2026-09-28
Kalimantan,Clean water access,clean_water_access,2000,75.78,%,World Bank,national,medium,2026-09-28
Kalimantan,Clean water access,clean_water_access,2001,76.78,%,World Bank,national,medium,2026-09-28
Kalimantan,Clean water access,clean_water_access,2002,77.76,%,World Bank,national,medium,2026-09-28
Kalimantan,Clean water access,clean_water_access,2003,78.74,%,World Bank,national,medium,2026-09-28
Kalimantan,Clean water access,clean_water_access,2004,79.71,%,World Bank,national,medium,2026-09-28
Kalimantan,Clean water access,clean_water_access,2005,80.67,%,World Bank,national,medium,2026-09-28
Kalimantan,Clean water access,clean_water_access,2006,81.62,%,World Bank,national,medium,2026-09-28
Kalimantan,Clean water access,clean_water_access,2007,82.56,%,World Bank,national,medium,2026-09-28
Kalimantan,Clean water access,clean_water_access,2008,83.49,%,World Bank,national,medium,2026-09-28
Kalimantan,Clean water access,clean_water_access,2009,84.39,%,World Bank,national,medium,2026-09-28
Kalimantan,Clean water access,clean_water_access,2010,85.17,%,World Bank,national,medium,2026-09-28
Kalimantan,Clean water access,clean_water_access,2011,85.64,%,World Bank,national,medium,2026-09-28
Kalimantan,Clean water access,clean_water_access,2012,86.07,%,World Bank,national,medium,2026-09-28
Kalimantan,Clean water access,clean_water_access,2013,86.5,%,World Bank,national,medium,2026-09-28
Kalimantan,Clean water access,clean_water_access,2014,86.91,%,World Bank,national,medium,2026-09-28
Kalimantan,Clean water access,clean_water_access,2015,87.3,%,World Bank,national,medium,2026-09-28
Kalimantan,Clean water access,clean_water_access,2016,87.68,%,World Bank,national,medium,2026-09-28
Kalimantan,Clean water access,clean_water_access,2017,88.05,%,World Bank,national,medium,2026-09-28
Kalimantan,Clean water access,clean_water_access,2018,88.41,%,World Bank,national,medium,2026-09-28
Kalimantan,Clean water access,clean_water_access,2019,88.75,%,World Bank,national,medium,2026-09-28
Kalimantan,Clean water access,clean_water_access,2020,89.09,%,World Bank,national,medium,2026-09-28
Kalimantan,Clean water access,clean_water_access,2021,89.4,%,World Bank,national,medium,2026-09-28
Kalimantan,Clean water access,clean_water_access,2022,89.71,%,World Bank,national,medium,2026-09-28
Kalimantan,Clean water access,clean_water_access,2023,89.36,%,World Bank,national,medium,2026-09-28
Kalimantan,Clean water access,clean_water_access,2024,89.01,%,World Bank,national,medium,2026-09-28
Kalimantan,Life expectancy,healthcare,2000,66.29,years,World Bank,national,medium,2026-09-28
Kalimantan,Life expectancy,healthcare,2001,66.58,years,World Bank,national,medium,2026-09-28
Kalimantan,Life expectancy,healthcare,2002,66.95,years,World Bank,national,medium,2026-09-28
Kalimantan,Life expectancy,healthcare,2003,67.13,years,World Bank,national,medium,2026-09-28
Kalimantan,Life expectancy,healthcare,2004,65.52,years,World Bank,national,medium,2026-09-28
Kalimantan,Life expectancy,healthcare,2005,67.53,years,World Bank,national,medium,2026-09-28
Kalimantan,Life expectancy,healthcare,2006,67.66,years,World Bank,national,medium,2026-09-28
Kalimantan,Life expectancy,healthcare,2007,67.91,years,World Bank,national,medium,2026-09-28
Kalimantan,Life expectancy,healthcare,2008,68.08,years,World Bank,national,medium,2026-09-28
Kalimantan,Life expectancy,healthcare,2009,68.27,years,World Bank,national,medium,2026-09-28
Kalimantan,Life expectancy,healthcare,2010,68.36,years,World Bank,national,medium,2026-09-28
Kalimantan,Life expectancy,healthcare,2011,68.63,years,World Bank,national,medium,2026-09-28
Kalimantan,Life expectancy,healthcare,2012,68.86,years,World Bank,national,medium,2026-09-28
Kalimantan,Life expectancy,healthcare,2013,69.06,years,World Bank,national,medium,2026-09-28
Kalimantan,Life expectancy,healthcare,2014,69.29,years,World Bank,national,medium,2026-09-28
Kalimantan,Life expectancy,healthcare,2015,69.52,years,World Bank,national,medium,2026-09-28
Kalimantan,Life expectancy,healthcare,2016,69.73,years,World Bank,national,medium,2026-09-28
Kalimantan,Life expectancy,healthcare,2017,69.95,years,World Bank,national,medium,2026-09-28
Kalimantan,Life expectancy,healthcare,2018,70.08,years,World Bank,national,medium,2026-09-28
Kalimantan,Life expectancy,healthcare,2019,70.35,years,World Bank,national,medium,2026-09-28
Kalimantan,Life expectancy,healthcare,2020,68.82,years,World Bank,national,medium,2026-09-28
Kalimantan,Life expectancy,healthcare,2021,67.45,years,World Bank,national,medium,2026-09-28
Kalimantan,Life expectancy,healthcare,2022,70.92,years,World Bank,national,medium,2026-09-28
Kalimantan,Life expectancy,healthcare,2023,71.15,years,World Bank,national,medium,2026-09-28
Kalimantan,Life expectancy,healthcare,2024,71.29,years,World Bank,national,medium,2026-09-28
Kalimantan,Poverty rate (national line),poverty,2000,19.1,%,World Bank,national,medium,2026-09-28
Kalimantan,Poverty rate (national line),poverty,2001,18.4,%,World Bank,national,medium,2026-09-28
Kalimantan,Poverty rate (national line),poverty,2002,18.2,%,World Bank,national,medium,2026-09-28
Kalimantan,Poverty rate (national line),poverty,2003,17.4,%,World Bank,national,medium,2026-09-28
Kalimantan,Poverty rate (national line),poverty,2004,16.7,%,World Bank,national,medium,2026-09-28
Kalimantan,Poverty rate (national line),poverty,2005,16,%,World Bank,national,medium,2026-09-28
Kalimantan,Poverty rate (national line),poverty,2006,17.8,%,World Bank,national,medium,2026-09-28
Kalimantan,Poverty rate (national line),poverty,2007,16.6,%,World Bank,national,medium,2026-09-28
Kalimantan,Poverty rate (national line),poverty,2008,15.4,%,World Bank,national,medium,2026-09-28
Kalimantan,Poverty rate (national line),poverty,2009,14.1,%,World Bank,national,medium,2026-09-28
Kalimantan,Poverty rate (national line),poverty,2010,13.3,%,World Bank,national,medium,2026-09-28
Kalimantan,Poverty rate (national line),poverty,2011,12.5,%,World Bank,national,medium,2026-09-28
Kalimantan,Poverty rate (national line),poverty,2012,12,%,World Bank,national,medium,2026-09-28
Kalimantan,Poverty rate (national line),poverty,2013,11.4,%,World Bank,national,medium,2026-09-28
Kalimantan,Poverty rate (national line),poverty,2014,11.3,%,World Bank,national,medium,2026-09-28
Kalimantan,Poverty rate (national line),poverty,2015,11.2,%,World Bank,national,medium,2026-09-28
Kalimantan,Poverty rate (national line),poverty,2016,10.9,%,World Bank,national,medium,2026-09-28
Kalimantan,Poverty rate (national line),poverty,2017,10.6,%,World Bank,national,medium,2026-09-28
Kalimantan,Poverty rate (national line),poverty,2018,9.8,%,World Bank,national,medium,2026-09-28
Kalimantan,Poverty rate (national line),poverty,2019,9.4,%,World Bank,national,medium,2026-09-28
Kalimantan,Poverty rate (national line),poverty,2020,9.8,%,World Bank,national,medium,2026-09-28
Kalimantan,Poverty rate (national line),poverty,2021,10.1,%,World Bank,national,medium,2026-09-28
Kalimantan,Poverty rate (national line),poverty,2022,9.5,%,World Bank,national,medium,2026-09-28
Kalimantan,Poverty rate (national line),poverty,2023,9.4,%,World Bank,national,medium,2026-09-28
Kalimantan,Poverty rate (national line),poverty,2024,9,%,World Bank,national,medium,2026-09-28
Sabah,Life expectancy,healthcare,2000,72.73,years,World Bank,national,medium,2026-09-28
Sarawak,Life expectancy,healthcare,2000,72.73,years,World Bank,national,medium,2026-09-28
Sabah,Life expectancy,healthcare,2001,73.08,years,World Bank,national,medium,2026-09-28
Sarawak,Life expectancy,healthcare,2001,73.08,years,World Bank,national,medium,2026-09-28
Sabah,Life expectancy,healthcare,2002,73.47,years,World Bank,national,medium,2026-09-28
Sarawak,Life expectancy,healthcare,2002,73.47,years,World Bank,national,medium,2026-09-28
Sabah,Life expectancy,healthcare,2003,73.73,years,World Bank,national,medium,2026-09-28
Sarawak,Life expectancy,healthcare,2003,73.73,years,World Bank,national,medium,2026-09-28
Sabah,Life expectancy,healthcare,2004,74.03,years,World Bank,national,medium,2026-09-28
Sarawak,Life expectancy,healthcare,2004,74.03,years,World Bank,national,medium,2026-09-28
Sabah,Life expectancy,healthcare,2005,74.37,years,World Bank,national,medium,2026-09-28
Sarawak,Life expectancy,healthcare,2005,74.37,years,World Bank,national,medium,2026-09-28
Sabah,Life expectancy,healthcare,2006,74.7,years,World Bank,national,medium,2026-09-28
Sarawak,Life expectancy,healthcare,2006,74.7,years,World Bank,national,medium,2026-09-28
Sabah,Life expectancy,healthcare,2007,74.96,years,World Bank,national,medium,2026-09-28
Sarawak,Life expectancy,healthcare,2007,74.96,years,World Bank,national,medium,2026-09-28
Sabah,Life expectancy,healthcare,2008,75.15,years,World Bank,national,medium,2026-09-28
Sarawak,Life expectancy,healthcare,2008,75.15,years,World Bank,national,medium,2026-09-28
Sabah,Life expectancy,healthcare,2009,75.27,years,World Bank,national,medium,2026-09-28
Sarawak,Life expectancy,healthcare,2009,75.27,years,World Bank,national,medium,2026-09-28
Sabah,Life expectancy,healthcare,2010,75.38,years,World Bank,national,medium,2026-09-28
Sarawak,Life expectancy,healthcare,2010,75.38,years,World Bank,national,medium,2026-09-28
Sabah,Life expectancy,healthcare,2011,75.49,years,World Bank,national,medium,2026-09-28
Sarawak,Life expectancy,healthcare,2011,75.49,years,World Bank,national,medium,2026-09-28
Sabah,Life expectancy,healthcare,2012,75.55,years,World Bank,national,medium,2026-09-28
Sarawak,Life expectancy,healthcare,2012,75.55,years,World Bank,national,medium,2026-09-28
Sabah,Life expectancy,healthcare,2013,75.46,years,World Bank,national,medium,2026-09-28
Sarawak,Life expectancy,healthcare,2013,75.46,years,World Bank,national,medium,2026-09-28
Sabah,Life expectancy,healthcare,2014,75.34,years,World Bank,national,medium,2026-09-28
Sarawak,Life expectancy,healthcare,2014,75.34,years,World Bank,national,medium,2026-09-28
Sabah,Life expectancy,healthcare,2015,75.29,years,World Bank,national,medium,2026-09-28
Sarawak,Life expectancy,healthcare,2015,75.29,years,World Bank,national,medium,2026-09-28
Sabah,Life expectancy,healthcare,2016,75.37,years,World Bank,national,medium,2026-09-28
Sarawak,Life expectancy,healthcare,2016,75.37,years,World Bank,national,medium,2026-09-28
Sabah,Life expectancy,healthcare,2017,75.54,years,World Bank,national,medium,2026-09-28
Sarawak,Life expectancy,healthcare,2017,75.54,years,World Bank,national,medium,2026-09-28
Sabah,Life expectancy,healthcare,2018,75.73,years,World Bank,national,medium,2026-09-28
Sarawak,Life expectancy,healthcare,2018,75.73,years,World Bank,national,medium,2026-09-28
Sabah,Life expectancy,healthcare,2019,75.9,years,World Bank,national,medium,2026-09-28
Sarawak,Life expectancy,healthcare,2019,75.9,years,World Bank,national,medium,2026-09-28
Sabah,Life expectancy,healthcare,2020,76.06,years,World Bank,national,medium,2026-09-28
Sarawak,Life expectancy,healthcare,2020,76.06,years,World Bank,national,medium,2026-09-28
Sabah,Life expectancy,healthcare,2021,73.92,years,World Bank,national,medium,2026-09-28
Sarawak,Life expectancy,healthcare,2021,73.92,years,World Bank,national,medium,2026-09-28
Sabah,Life expectancy,healthcare,2022,75.44,years,World Bank,national,medium,2026-09-28
Sarawak,Life expectancy,healthcare,2022,75.44,years,World Bank,national,medium,2026-09-28
Sabah,Life expectancy,healthcare,2023,76.66,years,World Bank,national,medium,2026-09-28
Sarawak,Life expectancy,healthcare,2023,76.66,years,World Bank,national,medium,2026-09-28
Sabah,Life expectancy,healthcare,2024,76.82,years,World Bank,national,medium,2026-09-28
Sarawak,Life expectancy,healthcare,2024,76.82,years,World Bank,national,medium,2026-09-28
Sabah,"Fire alerts (VIIRS, annual)",fire_hotspots,2012,2186,count,Global Forest Watch (VIIRS),satellite,high,2026-09-28
Sabah,"Fire alerts (VIIRS, annual)",fire_hotspots,2013,1946,count,Global Forest Watch (VIIRS),satellite,high,2026-09-28
Sabah,"Fire alerts (VIIRS, annual)",fire_hotspots,2014,3379,count,Global Forest Watch (VIIRS),satellite,high,2026-09-28
Sabah,"Fire alerts (VIIRS, annual)",fire_hotspots,2015,5109,count,Global Forest Watch (VIIRS),satellite,high,2026-09-28
Sabah,"Fire alerts (VIIRS, annual)",fire_hotspots,2016,7290,count,Global Forest Watch (VIIRS),satellite,high,2026-09-28
Sabah,"Fire alerts (VIIRS, annual)",fire_hotspots,2017,1011,count,Global Forest Watch (VIIRS),satellite,high,2026-09-28
Sabah,"Fire alerts (VIIRS, annual)",fire_hotspots,2018,1734,count,Global Forest Watch (VIIRS),satellite,high,2026-09-28
Sabah,"Fire alerts (VIIRS, annual)",fire_hotspots,2019,2923,count,Global Forest Watch (VIIRS),satellite,high,2026-09-28
Sabah,"Fire alerts (VIIRS, annual)",fire_hotspots,2020,1980,count,Global Forest Watch (VIIRS),satellite,high,2026-09-28
Sabah,"Fire alerts (VIIRS, annual)",fire_hotspots,2021,1179,count,Global Forest Watch (VIIRS),satellite,high,2026-09-28
Sabah,"Fire alerts (VIIRS, annual)",fire_hotspots,2022,485,count,Global Forest Watch (VIIRS),satellite,high,2026-09-28
Sabah,"Fire alerts (VIIRS, annual)",fire_hotspots,2023,1185,count,Global Forest Watch (VIIRS),satellite,high,2026-09-28
Sabah,"Fire alerts (VIIRS, annual)",fire_hotspots,2024,2566,count,Global Forest Watch (VIIRS),satellite,high,2026-09-28
Sabah,"Fire alerts (VIIRS, annual)",fire_hotspots,2025,697,count,Global Forest Watch (VIIRS),satellite,high,2026-09-28
Sabah,"Fire alerts (VIIRS, annual)",fire_hotspots,2026,1,count,Global Forest Watch (VIIRS),satellite,high,2026-09-28
Sarawak,"Fire alerts (VIIRS, annual)",fire_hotspots,2012,12124,count,Global Forest Watch (VIIRS),satellite,high,2026-09-28
Sarawak,"Fire alerts (VIIRS, annual)",fire_hotspots,2013,8463,count,Global Forest Watch (VIIRS),satellite,high,2026-09-28
Sarawak,"Fire alerts (VIIRS, annual)",fire_hotspots,2014,9382,count,Global Forest Watch (VIIRS),satellite,high,2026-09-28
Sarawak,"Fire alerts (VIIRS, annual)",fire_hotspots,2015,5924,count,Global Forest Watch (VIIRS),satellite,high,2026-09-28
Sarawak,"Fire alerts (VIIRS, annual)",fire_hotspots,2016,4548,count,Global Forest Watch (VIIRS),satellite,high,2026-09-28
Sarawak,"Fire alerts (VIIRS, annual)",fire_hotspots,2017,3461,count,Global Forest Watch (VIIRS),satellite,high,2026-09-28
Sarawak,"Fire alerts (VIIRS, annual)",fire_hotspots,2018,5336,count,Global Forest Watch (VIIRS),satellite,high,2026-09-28
Sarawak,"Fire alerts (VIIRS, annual)",fire_hotspots,2019,5476,count,Global Forest Watch (VIIRS),satellite,high,2026-09-28
Sarawak,"Fire alerts (VIIRS, annual)",fire_hotspots,2020,2320,count,Global Forest Watch (VIIRS),satellite,high,2026-09-28
Sarawak,"Fire alerts (VIIRS, annual)",fire_hotspots,2021,3058,count,Global Forest Watch (VIIRS),satellite,high,2026-09-28
Sarawak,"Fire alerts (VIIRS, annual)",fire_hotspots,2022,1700,count,Global Forest Watch (VIIRS),satellite,high,2026-09-28
Sarawak,"Fire alerts (VIIRS, annual)",fire_hotspots,2023,3106,count,Global Forest Watch (VIIRS),satellite,high,2026-09-28
Sarawak,"Fire alerts (VIIRS, annual)",fire_hotspots,2024,2517,count,Global Forest Watch (VIIRS),satellite,high,2026-09-28
Sarawak,"Fire alerts (VIIRS, annual)",fire_hotspots,2025,3326,count,Global Forest Watch (VIIRS),satellite,high,2026-09-28
Sarawak,"Fire alerts (VIIRS, annual)",fire_hotspots,2026,7,count,Global Forest Watch (VIIRS),satellite,high,2026-09-28
Brunei,"Fire alerts (VIIRS, annual)",fire_hotspots,2012,205,count,Global Forest Watch (VIIRS),satellite,high,2026-09-28
Brunei,"Fire alerts (VIIRS, annual)",fire_hotspots,2013,103,count,Global Forest Watch (VIIRS),satellite,high,2026-09-28
Brunei,"Fire alerts (VIIRS, annual)",fire_hotspots,2014,267,count,Global Forest Watch (VIIRS),satellite,high,2026-09-28
Brunei,"Fire alerts (VIIRS, annual)",fire_hotspots,2015,484,count,Global Forest Watch (VIIRS),satellite,high,2026-09-28
Brunei,"Fire alerts (VIIRS, annual)",fire_hotspots,2016,545,count,Global Forest Watch (VIIRS),satellite,high,2026-09-28
Brunei,"Fire alerts (VIIRS, annual)",fire_hotspots,2017,142,count,Global Forest Watch (VIIRS),satellite,high,2026-09-28
Brunei,"Fire alerts (VIIRS, annual)",fire_hotspots,2018,158,count,Global Forest Watch (VIIRS),satellite,high,2026-09-28
Brunei,"Fire alerts (VIIRS, annual)",fire_hotspots,2019,259,count,Global Forest Watch (VIIRS),satellite,high,2026-09-28
Brunei,"Fire alerts (VIIRS, annual)",fire_hotspots,2020,280,count,Global Forest Watch (VIIRS),satellite,high,2026-09-28
Brunei,"Fire alerts (VIIRS, annual)",fire_hotspots,2021,198,count,Global Forest Watch (VIIRS),satellite,high,2026-09-28
Brunei,"Fire alerts (VIIRS, annual)",fire_hotspots,2022,102,count,Global Forest Watch (VIIRS),satellite,high,2026-09-28
Brunei,"Fire alerts (VIIRS, annual)",fire_hotspots,2023,179,count,Global Forest Watch (VIIRS),satellite,high,2026-09-28
Brunei,"Fire alerts (VIIRS, annual)",fire_hotspots,2024,189,count,Global Forest Watch (VIIRS),satellite,high,2026-09-28
Brunei,"Fire alerts (VIIRS, annual)",fire_hotspots,2025,128,count,Global Forest Watch (VIIRS),satellite,high,2026-09-28
Brunei,"Fire alerts (VIIRS, annual)",fire_hotspots,2026,1,count,Global Forest Watch (VIIRS),satellite,high,2026-09-28
Kalimantan,"Fire alerts (VIIRS, annual)",fire_hotspots,2012,104538,count,"Global Forest Watch (VIIRS), sum of 5/5 provinces (E+N Kalimantan via satellite geometry)",satellite,high,2026-09-28
Kalimantan,"Fire alerts (VIIRS, annual)",fire_hotspots,2013,63792,count,"Global Forest Watch (VIIRS), sum of 5/5 provinces (E+N Kalimantan via satellite geometry)",satellite,high,2026-09-28
Kalimantan,"Fire alerts (VIIRS, annual)",fire_hotspots,2014,187107,count,"Global Forest Watch (VIIRS), sum of 5/5 provinces (E+N Kalimantan via satellite geometry)",satellite,high,2026-09-28
Kalimantan,"Fire alerts (VIIRS, annual)",fire_hotspots,2015,360964,count,"Global Forest Watch (VIIRS), sum of 5/5 provinces (E+N Kalimantan via satellite geometry)",satellite,high,2026-09-28
Kalimantan,"Fire alerts (VIIRS, annual)",fire_hotspots,2016,36967,count,"Global Forest Watch (VIIRS), sum of 5/5 provinces (E+N Kalimantan via satellite geometry)",satellite,high,2026-09-28
Kalimantan,"Fire alerts (VIIRS, annual)",fire_hotspots,2017,19055,count,"Global Forest Watch (VIIRS), sum of 5/5 provinces (E+N Kalimantan via satellite geometry)",satellite,high,2026-09-28
Kalimantan,"Fire alerts (VIIRS, annual)",fire_hotspots,2018,65775,count,"Global Forest Watch (VIIRS), sum of 5/5 provinces (E+N Kalimantan via satellite geometry)",satellite,high,2026-09-28
Kalimantan,"Fire alerts (VIIRS, annual)",fire_hotspots,2019,176341,count,"Global Forest Watch (VIIRS), sum of 5/5 provinces (E+N Kalimantan via satellite geometry)",satellite,high,2026-09-28
Kalimantan,"Fire alerts (VIIRS, annual)",fire_hotspots,2020,21778,count,"Global Forest Watch (VIIRS), sum of 5/5 provinces (E+N Kalimantan via satellite geometry)",satellite,high,2026-09-28
Kalimantan,"Fire alerts (VIIRS, annual)",fire_hotspots,2021,17597,count,"Global Forest Watch (VIIRS), sum of 5/5 provinces (E+N Kalimantan via satellite geometry)",satellite,high,2026-09-28
Kalimantan,"Fire alerts (VIIRS, annual)",fire_hotspots,2022,10444,count,"Global Forest Watch (VIIRS), sum of 5/5 provinces (E+N Kalimantan via satellite geometry)",satellite,high,2026-09-28
Kalimantan,"Fire alerts (VIIRS, annual)",fire_hotspots,2023,91206,count,"Global Forest Watch (VIIRS), sum of 5/5 provinces (E+N Kalimantan via satellite geometry)",satellite,high,2026-09-28
Sabah,Tree cover loss (annual),deforestation,2001,63041,ha,Global Forest Watch,satellite,high,2026-09-28
Sabah,Tree cover loss (annual),deforestation,2002,59778,ha,Global Forest Watch,satellite,high,2026-09-28
Sabah,Tree cover loss (annual),deforestation,2003,33047,ha,Global Forest Watch,satellite,high,2026-09-28
Sabah,Tree cover loss (annual),deforestation,2004,86717,ha,Global Forest Watch,satellite,high,2026-09-28
Sabah,Tree cover loss (annual),deforestation,2005,73026,ha,Global Forest Watch,satellite,high,2026-09-28
Sabah,Tree cover loss (annual),deforestation,2006,81770,ha,Global Forest Watch,satellite,high,2026-09-28
Sabah,Tree cover loss (annual),deforestation,2007,62739,ha,Global Forest Watch,satellite,high,2026-09-28
Sabah,Tree cover loss (annual),deforestation,2008,84258,ha,Global Forest Watch,satellite,high,2026-09-28
Sabah,Tree cover loss (annual),deforestation,2009,92081,ha,Global Forest Watch,satellite,high,2026-09-28
Sabah,Tree cover loss (annual),deforestation,2010,104184,ha,Global Forest Watch,satellite,high,2026-09-28
Sabah,Tree cover loss (annual),deforestation,2011,68464,ha,Global Forest Watch,satellite,high,2026-09-28
Sabah,Tree cover loss (annual),deforestation,2012,104650,ha,Global Forest Watch,satellite,high,2026-09-28
Sabah,Tree cover loss (annual),deforestation,2013,65540,ha,Global Forest Watch,satellite,high,2026-09-28
Sabah,Tree cover loss (annual),deforestation,2014,137521,ha,Global Forest Watch,satellite,high,2026-09-28
Sabah,Tree cover loss (annual),deforestation,2015,106917,ha,Global Forest Watch,satellite,high,2026-09-28
Sabah,Tree cover loss (annual),deforestation,2016,113068,ha,Global Forest Watch,satellite,high,2026-09-28
Sabah,Tree cover loss (annual),deforestation,2017,88766,ha,Global Forest Watch,satellite,high,2026-09-28
Sabah,Tree cover loss (annual),deforestation,2018,92708,ha,Global Forest Watch,satellite,high,2026-09-28
Sabah,Tree cover loss (annual),deforestation,2019,90613,ha,Global Forest Watch,satellite,high,2026-09-28
Sabah,Tree cover loss (annual),deforestation,2020,68313,ha,Global Forest Watch,satellite,high,2026-09-28
Sabah,Tree cover loss (annual),deforestation,2021,66593,ha,Global Forest Watch,satellite,high,2026-09-28
Sabah,Tree cover loss (annual),deforestation,2022,64221,ha,Global Forest Watch,satellite,high,2026-09-28
Sabah,Tree cover loss (annual),deforestation,2023,81567,ha,Global Forest Watch,satellite,high,2026-09-28
Sabah,Tree cover loss (annual),deforestation,2024,75671,ha,Global Forest Watch,satellite,high,2026-09-28
Sarawak,Tree cover loss (annual),deforestation,2001,100294,ha,Global Forest Watch,satellite,high,2026-09-28
Sarawak,Tree cover loss (annual),deforestation,2002,73917,ha,Global Forest Watch,satellite,high,2026-09-28
Sarawak,Tree cover loss (annual),deforestation,2003,73946,ha,Global Forest Watch,satellite,high,2026-09-28
Sarawak,Tree cover loss (annual),deforestation,2004,109132,ha,Global Forest Watch,satellite,high,2026-09-28
Sarawak,Tree cover loss (annual),deforestation,2005,121973,ha,Global Forest Watch,satellite,high,2026-09-28
Sarawak,Tree cover loss (annual),deforestation,2006,114174,ha,Global Forest Watch,satellite,high,2026-09-28
Sarawak,Tree cover loss (annual),deforestation,2007,175583,ha,Global Forest Watch,satellite,high,2026-09-28
Sarawak,Tree cover loss (annual),deforestation,2008,163494,ha,Global Forest Watch,satellite,high,2026-09-28
Sarawak,Tree cover loss (annual),deforestation,2009,306670,ha,Global Forest Watch,satellite,high,2026-09-28
Sarawak,Tree cover loss (annual),deforestation,2010,136601,ha,Global Forest Watch,satellite,high,2026-09-28
Sarawak,Tree cover loss (annual),deforestation,2011,191239,ha,Global Forest Watch,satellite,high,2026-09-28
Sarawak,Tree cover loss (annual),deforestation,2012,268503,ha,Global Forest Watch,satellite,high,2026-09-28
Sarawak,Tree cover loss (annual),deforestation,2013,128695,ha,Global Forest Watch,satellite,high,2026-09-28
Sarawak,Tree cover loss (annual),deforestation,2014,229051,ha,Global Forest Watch,satellite,high,2026-09-28
Sarawak,Tree cover loss (annual),deforestation,2015,156137,ha,Global Forest Watch,satellite,high,2026-09-28
Sarawak,Tree cover loss (annual),deforestation,2016,178750,ha,Global Forest Watch,satellite,high,2026-09-28
Sarawak,Tree cover loss (annual),deforestation,2017,164696,ha,Global Forest Watch,satellite,high,2026-09-28
Sarawak,Tree cover loss (annual),deforestation,2018,151383,ha,Global Forest Watch,satellite,high,2026-09-28
Sarawak,Tree cover loss (annual),deforestation,2019,118414,ha,Global Forest Watch,satellite,high,2026-09-28
Sarawak,Tree cover loss (annual),deforestation,2020,72370,ha,Global Forest Watch,satellite,high,2026-09-28
Sarawak,Tree cover loss (annual),deforestation,2021,72721,ha,Global Forest Watch,satellite,high,2026-09-28
Sarawak,Tree cover loss (annual),deforestation,2022,75323,ha,Global Forest Watch,satellite,high,2026-09-28
Sarawak,Tree cover loss (annual),deforestation,2023,85124,ha,Global Forest Watch,satellite,high,2026-09-28
Sarawak,Tree cover loss (annual),deforestation,2024,79341,ha,Global Forest Watch,satellite,high,2026-09-28
Brunei,Tree cover loss (annual),deforestation,2001,1244,ha,Global Forest Watch,satellite,high,2026-09-28
Brunei,Tree cover loss (annual),deforestation,2002,1089,ha,Global Forest Watch,satellite,high,2026-09-28
Brunei,Tree cover loss (annual),deforestation,2003,799,ha,Global Forest Watch,satellite,high,2026-09-28
Brunei,Tree cover loss (annual),deforestation,2004,1197,ha,Global Forest Watch,satellite,high,2026-09-28
Brunei,Tree cover loss (annual),deforestation,2005,1278,ha,Global Forest Watch,satellite,high,2026-09-28
Brunei,Tree cover loss (annual),deforestation,2006,1013,ha,Global Forest Watch,satellite,high,2026-09-28
Brunei,Tree cover loss (annual),deforestation,2007,1565,ha,Global Forest Watch,satellite,high,2026-09-28
Brunei,Tree cover loss (annual),deforestation,2008,1300,ha,Global Forest Watch,satellite,high,2026-09-28
Brunei,Tree cover loss (annual),deforestation,2009,2169,ha,Global Forest Watch,satellite,high,2026-09-28
Brunei,Tree cover loss (annual),deforestation,2010,967,ha,Global Forest Watch,satellite,high,2026-09-28
Brunei,Tree cover loss (annual),deforestation,2011,2620,ha,Global Forest Watch,satellite,high,2026-09-28
Brunei,Tree cover loss (annual),deforestation,2012,1837,ha,Global Forest Watch,satellite,high,2026-09-28
Brunei,Tree cover loss (annual),deforestation,2013,888,ha,Global Forest Watch,satellite,high,2026-09-28
Brunei,Tree cover loss (annual),deforestation,2014,2225,ha,Global Forest Watch,satellite,high,2026-09-28
Brunei,Tree cover loss (annual),deforestation,2015,1761,ha,Global Forest Watch,satellite,high,2026-09-28
Brunei,Tree cover loss (annual),deforestation,2016,2573,ha,Global Forest Watch,satellite,high,2026-09-28
Brunei,Tree cover loss (annual),deforestation,2017,945,ha,Global Forest Watch,satellite,high,2026-09-28
Brunei,Tree cover loss (annual),deforestation,2018,807,ha,Global Forest Watch,satellite,high,2026-09-28
Brunei,Tree cover loss (annual),deforestation,2019,1168,ha,Global Forest Watch,satellite,high,2026-09-28
Brunei,Tree cover loss (annual),deforestation,2020,1166,ha,Global Forest Watch,satellite,high,2026-09-28
Brunei,Tree cover loss (annual),deforestation,2021,953,ha,Global Forest Watch,satellite,high,2026-09-28
Brunei,Tree cover loss (annual),deforestation,2022,920,ha,Global Forest Watch,satellite,high,2026-09-28
Brunei,Tree cover loss (annual),deforestation,2023,915,ha,Global Forest Watch,satellite,high,2026-09-28
Brunei,Tree cover loss (annual),deforestation,2024,1042,ha,Global Forest Watch,satellite,high,2026-09-28
Kalimantan,Tree cover loss (annual),deforestation,2001,232918,ha,"Global Forest Watch, sum of 5/5 provinces (E+N Kalimantan via satellite geometry)",satellite,high,2026-09-28
Kalimantan,Tree cover loss (annual),deforestation,2002,304463,ha,"Global Forest Watch, sum of 5/5 provinces (E+N Kalimantan via satellite geometry)",satellite,high,2026-09-28
Kalimantan,Tree cover loss (annual),deforestation,2003,256631,ha,"Global Forest Watch, sum of 5/5 provinces (E+N Kalimantan via satellite geometry)",satellite,high,2026-09-28
Kalimantan,Tree cover loss (annual),deforestation,2004,432829,ha,"Global Forest Watch, sum of 5/5 provinces (E+N Kalimantan via satellite geometry)",satellite,high,2026-09-28
Kalimantan,Tree cover loss (annual),deforestation,2005,378900,ha,"Global Forest Watch, sum of 5/5 provinces (E+N Kalimantan via satellite geometry)",satellite,high,2026-09-28
Kalimantan,Tree cover loss (annual),deforestation,2006,558971,ha,"Global Forest Watch, sum of 5/5 provinces (E+N Kalimantan via satellite geometry)",satellite,high,2026-09-28
Kalimantan,Tree cover loss (annual),deforestation,2007,605893,ha,"Global Forest Watch, sum of 5/5 provinces (E+N Kalimantan via satellite geometry)",satellite,high,2026-09-28
Kalimantan,Tree cover loss (annual),deforestation,2008,570823,ha,"Global Forest Watch, sum of 5/5 provinces (E+N Kalimantan via satellite geometry)",satellite,high,2026-09-28
Kalimantan,Tree cover loss (annual),deforestation,2009,806389,ha,"Global Forest Watch, sum of 5/5 provinces (E+N Kalimantan via satellite geometry)",satellite,high,2026-09-28
Kalimantan,Tree cover loss (annual),deforestation,2010,458148,ha,"Global Forest Watch, sum of 5/5 provinces (E+N Kalimantan via satellite geometry)",satellite,high,2026-09-28
Kalimantan,Tree cover loss (annual),deforestation,2011,673774,ha,"Global Forest Watch, sum of 5/5 provinces (E+N Kalimantan via satellite geometry)",satellite,high,2026-09-28
Kalimantan,Tree cover loss (annual),deforestation,2012,914112,ha,"Global Forest Watch, sum of 5/5 provinces (E+N Kalimantan via satellite geometry)",satellite,high,2026-09-28
Kalimantan,Tree cover loss (annual),deforestation,2013,518016,ha,"Global Forest Watch, sum of 5/5 provinces (E+N Kalimantan via satellite geometry)",satellite,high,2026-09-28
Kalimantan,Tree cover loss (annual),deforestation,2014,825381,ha,"Global Forest Watch, sum of 5/5 provinces (E+N Kalimantan via satellite geometry)",satellite,high,2026-09-28
Kalimantan,Tree cover loss (annual),deforestation,2015,786467,ha,"Global Forest Watch, sum of 5/5 provinces (E+N Kalimantan via satellite geometry)",satellite,high,2026-09-28
Kalimantan,Tree cover loss (annual),deforestation,2016,1197076,ha,"Global Forest Watch, sum of 5/5 provinces (E+N Kalimantan via satellite geometry)",satellite,high,2026-09-28
Kalimantan,Tree cover loss (annual),deforestation,2017,489364,ha,"Global Forest Watch, sum of 5/5 provinces (E+N Kalimantan via satellite geometry)",satellite,high,2026-09-28
Kalimantan,Tree cover loss (annual),deforestation,2018,491534,ha,"Global Forest Watch, sum of 5/5 provinces (E+N Kalimantan via satellite geometry)",satellite,high,2026-09-28
Kalimantan,Tree cover loss (annual),deforestation,2019,470622,ha,"Global Forest Watch, sum of 5/5 provinces (E+N Kalimantan via satellite geometry)",satellite,high,2026-09-28
Kalimantan,Tree cover loss (annual),deforestation,2020,349474,ha,"Global Forest Watch, sum of 5/5 provinces (E+N Kalimantan via satellite geometry)",satellite,high,2026-09-28
Kalimantan,Tree cover loss (annual),deforestation,2021,276969,ha,"Global Forest Watch, sum of 5/5 provinces (E+N Kalimantan via satellite geometry)",satellite,high,2026-09-28
Kalimantan,Tree cover loss (annual),deforestation,2022,307116,ha,"Global Forest Watch, sum of 5/5 provinces (E+N Kalimantan via satellite geometry)",satellite,high,2026-09-28
Kalimantan,Tree cover loss (annual),deforestation,2023,563606,ha,"Global Forest Watch, sum of 5/5 provinces (E+N Kalimantan via satellite geometry)",satellite,high,2026-09-28
Kalimantan,Tree cover loss (annual),deforestation,2024,450622,ha,"Global Forest Watch, sum of 5/5 provinces (E+N Kalimantan via satellite geometry)",satellite,high,2026-09-28
Kalimantan,"Fire alerts (VIIRS, annual)",fire_hotspots,2024,22633,count,"STALE — retained from previous successful run; Global Forest Watch (VIIRS), sum of 4/5 provinces (Kaltim missing from GFW tables)",satellite,medium,2026-08-28
Kalimantan,"Fire alerts (VIIRS, annual)",fire_hotspots,2025,27652,count,"STALE — retained from previous successful run; Global Forest Watch (VIIRS), sum of 4/5 provinces (Kaltim missing from GFW tables)",satellite,medium,2026-08-28
Kalimantan,"Fire alerts (VIIRS, annual)",fire_hotspots,2026,42,count,"STALE — retained from previous successful run; Global Forest Watch (VIIRS), sum of 4/5 provinces (Kaltim missing from GFW tables)",satellite,medium,2026-08-28
