territory,indicator,year,value,unit,source,data_level,last_updated
Sabah,Population,1970,698100,people,Department of Statistics Malaysia (DOSM) — population_state.csv,state,2026-10-04
Sabah,Population,1971,728100,people,Department of Statistics Malaysia (DOSM) — population_state.csv,state,2026-10-04
Sabah,Population,1972,759500,people,Department of Statistics Malaysia (DOSM) — population_state.csv,state,2026-10-04
Sabah,Population,1973,792400,people,Department of Statistics Malaysia (DOSM) — population_state.csv,state,2026-10-04
Sabah,Population,1974,826900,people,Department of Statistics Malaysia (DOSM) — population_state.csv,state,2026-10-04
Sabah,Population,1975,863000,people,Department of Statistics Malaysia (DOSM) — population_state.csv,state,2026-10-04
Sabah,Population,1976,898100,people,Department of Statistics Malaysia (DOSM) — population_state.csv,state,2026-10-04
Sabah,Population,1977,934800,people,Department of Statistics Malaysia (DOSM) — population_state.csv,state,2026-10-04
Sabah,Population,1978,973200,people,Department of Statistics Malaysia (DOSM) — population_state.csv,state,2026-10-04
Sabah,Population,1979,1013300,people,Department of Statistics Malaysia (DOSM) — population_state.csv,state,2026-10-04
Sabah,Population,1980,1055100,people,Department of Statistics Malaysia (DOSM) — population_state.csv,state,2026-10-04
Sabah,Population,1981,1119600,people,Department of Statistics Malaysia (DOSM) — population_state.csv,state,2026-10-04
Sabah,Population,1982,1186500,people,Department of Statistics Malaysia (DOSM) — population_state.csv,state,2026-10-04
Sabah,Population,1983,1255100,people,Department of Statistics Malaysia (DOSM) — population_state.csv,state,2026-10-04
Sabah,Population,1984,1325700,people,Department of Statistics Malaysia (DOSM) — population_state.csv,state,2026-10-04
Sabah,Population,1985,1398700,people,Department of Statistics Malaysia (DOSM) — population_state.csv,state,2026-10-04
Sabah,Population,1986,1474400,people,Department of Statistics Malaysia (DOSM) — population_state.csv,state,2026-10-04
Sabah,Population,1987,1550800,people,Department of Statistics Malaysia (DOSM) — population_state.csv,state,2026-10-04
Sabah,Population,1988,1629500,people,Department of Statistics Malaysia (DOSM) — population_state.csv,state,2026-10-04
Sabah,Population,1989,1708900,people,Department of Statistics Malaysia (DOSM) — population_state.csv,state,2026-10-04
Sabah,Population,1990,1787600,people,Department of Statistics Malaysia (DOSM) — population_state.csv,state,2026-10-04
Sabah,Population,1991,1814500,people,Department of Statistics Malaysia (DOSM) — population_state.csv,state,2026-10-04
Sabah,Population,1992,1896600,people,Department of Statistics Malaysia (DOSM) — population_state.csv,state,2026-10-04
Sabah,Population,1993,1981900,people,Department of Statistics Malaysia (DOSM) — population_state.csv,state,2026-10-04
Sabah,Population,1994,2068900,people,Department of Statistics Malaysia (DOSM) — population_state.csv,state,2026-10-04
Sabah,Population,1995,2155900,people,Department of Statistics Malaysia (DOSM) — population_state.csv,state,2026-10-04
Sabah,Population,1996,2245000,people,Department of Statistics Malaysia (DOSM) — population_state.csv,state,2026-10-04
Sabah,Population,1997,2333700,people,Department of Statistics Malaysia (DOSM) — population_state.csv,state,2026-10-04
Sabah,Population,1998,2423500,people,Department of Statistics Malaysia (DOSM) — population_state.csv,state,2026-10-04
Sabah,Population,1999,2513500,people,Department of Statistics Malaysia (DOSM) — population_state.csv,state,2026-10-04
Sabah,Population,2000,2603500,people,Department of Statistics Malaysia (DOSM) — population_state.csv,state,2026-10-04
Sabah,Population,2001,2663300,people,Department of Statistics Malaysia (DOSM) — population_state.csv,state,2026-10-04
Sabah,Population,2002,2719100,people,Department of Statistics Malaysia (DOSM) — population_state.csv,state,2026-10-04
Sabah,Population,2003,2774000,people,Department of Statistics Malaysia (DOSM) — population_state.csv,state,2026-10-04
Sabah,Population,2004,2833400,people,Department of Statistics Malaysia (DOSM) — population_state.csv,state,2026-10-04
Sabah,Population,2005,2897000,people,Department of Statistics Malaysia (DOSM) — population_state.csv,state,2026-10-04
Sabah,Population,2006,2962900,people,Department of Statistics Malaysia (DOSM) — population_state.csv,state,2026-10-04
Sabah,Population,2007,3032300,people,Department of Statistics Malaysia (DOSM) — population_state.csv,state,2026-10-04
Sabah,Population,2008,3105100,people,Department of Statistics Malaysia (DOSM) — population_state.csv,state,2026-10-04
Sabah,Population,2009,3181100,people,Department of Statistics Malaysia (DOSM) — population_state.csv,state,2026-10-04
Sabah,Population,2010,3260000,people,Department of Statistics Malaysia (DOSM) — population_state.csv,state,2026-10-04
Sabah,Population,2011,3345500,people,Department of Statistics Malaysia (DOSM) — population_state.csv,state,2026-10-04
Sabah,Population,2012,3432700,people,Department of Statistics Malaysia (DOSM) — population_state.csv,state,2026-10-04
Sabah,Population,2013,3611500,people,Department of Statistics Malaysia (DOSM) — population_state.csv,state,2026-10-04
Sabah,Population,2014,3669900,people,Department of Statistics Malaysia (DOSM) — population_state.csv,state,2026-10-04
Sabah,Population,2015,3720500,people,Department of Statistics Malaysia (DOSM) — population_state.csv,state,2026-10-04
Sabah,Population,2016,3802800,people,Department of Statistics Malaysia (DOSM) — population_state.csv,state,2026-10-04
Sabah,Population,2017,3855900,people,Department of Statistics Malaysia (DOSM) — population_state.csv,state,2026-10-04
Sabah,Population,2018,3898400,people,Department of Statistics Malaysia (DOSM) — population_state.csv,state,2026-10-04
Sabah,Population,2019,3904400,people,Department of Statistics Malaysia (DOSM) — population_state.csv,state,2026-10-04
Sabah,Population,2020,3418800,people,Department of Statistics Malaysia (DOSM) — population_state.csv,state,2026-10-04
Sabah,Population,2021,3412600,people,Department of Statistics Malaysia (DOSM) — population_state.csv,state,2026-10-04
Sabah,Population,2022,3414900,people,Department of Statistics Malaysia (DOSM) — population_state.csv,state,2026-10-04
Sabah,Population,2023,3596700,people,Department of Statistics Malaysia (DOSM) — population_state.csv,state,2026-10-04
Sabah,Population,2024,3742000,people,Department of Statistics Malaysia (DOSM) — population_state.csv,state,2026-10-04
Sabah,Population,2025,3754500,people,Department of Statistics Malaysia (DOSM) — population_state.csv,state,2026-10-04
Sabah,Population,2026,3767000,people,Department of Statistics Malaysia (DOSM) — population_state.csv,state,2026-10-04
Sarawak,Population,1970,1037000,people,Department of Statistics Malaysia (DOSM) — population_state.csv,state,2026-10-04
Sarawak,Population,1971,1065200,people,Department of Statistics Malaysia (DOSM) — population_state.csv,state,2026-10-04
Sarawak,Population,1972,1094300,people,Department of Statistics Malaysia (DOSM) — population_state.csv,state,2026-10-04
Sarawak,Population,1973,1124100,people,Department of Statistics Malaysia (DOSM) — population_state.csv,state,2026-10-04
Sarawak,Population,1974,1154700,people,Department of Statistics Malaysia (DOSM) — population_state.csv,state,2026-10-04
Sarawak,Population,1975,1186200,people,Department of Statistics Malaysia (DOSM) — population_state.csv,state,2026-10-04
Sarawak,Population,1976,1217500,people,Department of Statistics Malaysia (DOSM) — population_state.csv,state,2026-10-04
Sarawak,Population,1977,1249600,people,Department of Statistics Malaysia (DOSM) — population_state.csv,state,2026-10-04
Sarawak,Population,1978,1282500,people,Department of Statistics Malaysia (DOSM) — population_state.csv,state,2026-10-04
Sarawak,Population,1979,1316400,people,Department of Statistics Malaysia (DOSM) — population_state.csv,state,2026-10-04
Sarawak,Population,1980,1351100,people,Department of Statistics Malaysia (DOSM) — population_state.csv,state,2026-10-04
Sarawak,Population,1981,1380200,people,Department of Statistics Malaysia (DOSM) — population_state.csv,state,2026-10-04
Sarawak,Population,1982,1410400,people,Department of Statistics Malaysia (DOSM) — population_state.csv,state,2026-10-04
Sarawak,Population,1983,1440600,people,Department of Statistics Malaysia (DOSM) — population_state.csv,state,2026-10-04
Sarawak,Population,1984,1471400,people,Department of Statistics Malaysia (DOSM) — population_state.csv,state,2026-10-04
Sarawak,Population,1985,1503900,people,Department of Statistics Malaysia (DOSM) — population_state.csv,state,2026-10-04
Sarawak,Population,1986,1539500,people,Department of Statistics Malaysia (DOSM) — population_state.csv,state,2026-10-04
Sarawak,Population,1987,1576000,people,Department of Statistics Malaysia (DOSM) — population_state.csv,state,2026-10-04
Sarawak,Population,1988,1614600,people,Department of Statistics Malaysia (DOSM) — population_state.csv,state,2026-10-04
Sarawak,Population,1989,1652500,people,Department of Statistics Malaysia (DOSM) — population_state.csv,state,2026-10-04
Sarawak,Population,1990,1687800,people,Department of Statistics Malaysia (DOSM) — population_state.csv,state,2026-10-04
Sarawak,Population,1991,1723800,people,Department of Statistics Malaysia (DOSM) — population_state.csv,state,2026-10-04
Sarawak,Population,1992,1758400,people,Department of Statistics Malaysia (DOSM) — population_state.csv,state,2026-10-04
Sarawak,Population,1993,1795200,people,Department of Statistics Malaysia (DOSM) — population_state.csv,state,2026-10-04
Sarawak,Population,1994,1831900,people,Department of Statistics Malaysia (DOSM) — population_state.csv,state,2026-10-04
Sarawak,Population,1995,1868100,people,Department of Statistics Malaysia (DOSM) — population_state.csv,state,2026-10-04
Sarawak,Population,1996,1904500,people,Department of Statistics Malaysia (DOSM) — population_state.csv,state,2026-10-04
Sarawak,Population,1997,1942400,people,Department of Statistics Malaysia (DOSM) — population_state.csv,state,2026-10-04
Sarawak,Population,1998,1982100,people,Department of Statistics Malaysia (DOSM) — population_state.csv,state,2026-10-04
Sarawak,Population,1999,2024500,people,Department of Statistics Malaysia (DOSM) — population_state.csv,state,2026-10-04
Sarawak,Population,2000,2071500,people,Department of Statistics Malaysia (DOSM) — population_state.csv,state,2026-10-04
Sarawak,Population,2001,2115600,people,Department of Statistics Malaysia (DOSM) — population_state.csv,state,2026-10-04
Sarawak,Population,2002,2158300,people,Department of Statistics Malaysia (DOSM) — population_state.csv,state,2026-10-04
Sarawak,Population,2003,2199000,people,Department of Statistics Malaysia (DOSM) — population_state.csv,state,2026-10-04
Sarawak,Population,2004,2240400,people,Department of Statistics Malaysia (DOSM) — population_state.csv,state,2026-10-04
Sarawak,Population,2005,2282400,people,Department of Statistics Malaysia (DOSM) — population_state.csv,state,2026-10-04
Sarawak,Population,2006,2324900,people,Department of Statistics Malaysia (DOSM) — population_state.csv,state,2026-10-04
Sarawak,Population,2007,2366100,people,Department of Statistics Malaysia (DOSM) — population_state.csv,state,2026-10-04
Sarawak,Population,2008,2408400,people,Department of Statistics Malaysia (DOSM) — population_state.csv,state,2026-10-04
Sarawak,Population,2009,2450800,people,Department of Statistics Malaysia (DOSM) — population_state.csv,state,2026-10-04
Sarawak,Population,2010,2487100,people,Department of Statistics Malaysia (DOSM) — population_state.csv,state,2026-10-04
Sarawak,Population,2011,2527900,people,Department of Statistics Malaysia (DOSM) — population_state.csv,state,2026-10-04
Sarawak,Population,2012,2569700,people,Department of Statistics Malaysia (DOSM) — population_state.csv,state,2026-10-04
Sarawak,Population,2013,2642500,people,Department of Statistics Malaysia (DOSM) — population_state.csv,state,2026-10-04
Sarawak,Population,2014,2664000,people,Department of Statistics Malaysia (DOSM) — population_state.csv,state,2026-10-04
Sarawak,Population,2015,2701500,people,Department of Statistics Malaysia (DOSM) — population_state.csv,state,2026-10-04
Sarawak,Population,2016,2738700,people,Department of Statistics Malaysia (DOSM) — population_state.csv,state,2026-10-04
Sarawak,Population,2017,2766300,people,Department of Statistics Malaysia (DOSM) — population_state.csv,state,2026-10-04
Sarawak,Population,2018,2791700,people,Department of Statistics Malaysia (DOSM) — population_state.csv,state,2026-10-04
Sarawak,Population,2019,2806000,people,Department of Statistics Malaysia (DOSM) — population_state.csv,state,2026-10-04
Sarawak,Population,2020,2453700,people,Department of Statistics Malaysia (DOSM) — population_state.csv,state,2026-10-04
Sarawak,Population,2021,2465600,people,Department of Statistics Malaysia (DOSM) — population_state.csv,state,2026-10-04
Sarawak,Population,2022,2473500,people,Department of Statistics Malaysia (DOSM) — population_state.csv,state,2026-10-04
Sarawak,Population,2023,2502300,people,Department of Statistics Malaysia (DOSM) — population_state.csv,state,2026-10-04
Sarawak,Population,2024,2517500,people,Department of Statistics Malaysia (DOSM) — population_state.csv,state,2026-10-04
Sarawak,Population,2025,2528900,people,Department of Statistics Malaysia (DOSM) — population_state.csv,state,2026-10-04
Sarawak,Population,2026,2539800,people,Department of Statistics Malaysia (DOSM) — population_state.csv,state,2026-10-04
Sabah,Clean water access,2022,80.5,%,data.gov.my / OpenDOSM,state,2026-10-04
Sarawak,Clean water access,2022,83.7,%,data.gov.my / OpenDOSM,state,2026-10-04
Sabah,Unemployment rate,2025,5.7,%,data.gov.my / OpenDOSM,state,2026-10-04
Sarawak,Unemployment rate,2025,3.1,%,data.gov.my / OpenDOSM,state,2026-10-04
Sabah,GDP (real),2025,88773.954,RM mil,data.gov.my / OpenDOSM,state,2026-10-04
Sarawak,GDP (real),2025,153511.242,RM mil,data.gov.my / OpenDOSM,state,2026-10-04
Sabah,GDP growth,2025,5.1,%,data.gov.my / OpenDOSM,state,2026-10-04
Sarawak,GDP growth,2025,3.6,%,data.gov.my / OpenDOSM,state,2026-10-04
Sabah,Hospital beds,2022,5053,beds,data.gov.my / OpenDOSM,state,2026-10-04
Sarawak,Hospital beds,2022,4119,beds,data.gov.my / OpenDOSM,state,2026-10-04
Sabah,School enrolment,2025,523880,students,data.gov.my / OpenDOSM,state,2026-10-04
Sarawak,School enrolment,2025,419203,students,data.gov.my / OpenDOSM,state,2026-10-04
Sabah,Crop production (paddy),2022,107565.0,tonnes,data.gov.my / OpenDOSM,state,2026-10-04
Sarawak,Crop production (paddy),2022,147272.0,tonnes,data.gov.my / OpenDOSM,state,2026-10-04
Sabah,Households,2024,806300,households,data.gov.my / OpenDOSM,state,2026-10-04
Sarawak,Households,2024,656300,households,data.gov.my / OpenDOSM,state,2026-10-04
Sabah,Poverty rate (absolute),2024,17.7,%,data.gov.my / OpenDOSM,state,2026-10-04
Sarawak,Poverty rate (absolute),2024,8.4,%,data.gov.my / OpenDOSM,state,2026-10-04
Sabah,Electricity access,2024,99.2,%,data.gov.my / OpenDOSM,state,2026-10-04
Sarawak,Electricity access,2024,99.1,%,data.gov.my / OpenDOSM,state,2026-10-04
Brunei,Clean water access,2024,100,%,World Bank,national,2026-10-04
Brunei,Unemployment rate,2025,5.277,%,World Bank,national,2026-10-04
Brunei,GDP growth,2025,0.66956214816436,%,World Bank,national,2026-10-04
Brunei,GDP (current US$),2025,15031980994.1121,US$,World Bank,national,2026-10-04
Brunei,Hospital beds (per 1k),2023,3.58,/1k,World Bank,national,2026-10-04
Brunei,Life expectancy,2024,75.501,years,World Bank,national,2026-10-04
Brunei,Forest cover,2023,72.1062618595825,% land,World Bank,national,2026-10-04
Brunei,"School enrolment (primary, gross)",2024,94.8207871800668,%,World Bank,national,2026-10-04
Brunei,"School enrolment (secondary, gross)",2023,91.8381544399811,%,World Bank,national,2026-10-04
Brunei,Adult literacy,2011,96.0899963378906,%,World Bank,national,2026-10-04
Brunei,Basic sanitation access,2024,100,%,World Bank,national,2026-10-04
Brunei,Electricity access,2024,100,%,World Bank,national,2026-10-04
Brunei,Tourist arrivals,2020,1071000,arrivals,World Bank,national,2026-10-04
Brunei,Agricultural land,2023,2.5426944971537,% land,World Bank,national,2026-10-04
Brunei,Population,2021,451721,people,World Bank,national,2026-10-04
Brunei,Population,2022,455370,people,World Bank,national,2026-10-04
Brunei,Population,2023,458949,people,World Bank,national,2026-10-04
Brunei,Population,2024,462721,people,World Bank,national,2026-10-04
Brunei,Population,2025,466330,people,World Bank,national,2026-10-04
Brunei,Internet use,2024,96.29828801,%,World Bank,national,2026-10-04
Sabah,Control of Corruption (WGI),2025,59.4,score/100,World Bank WGI,national,2026-10-04
Sarawak,Control of Corruption (WGI),2025,59.4,score/100,World Bank WGI,national,2026-10-04
Brunei,Control of Corruption (WGI),2025,68.1,score/100,World Bank WGI,national,2026-10-04
Kalimantan,Control of Corruption (WGI),2025,37.7,score/100,World Bank WGI,national,2026-10-04
Sabah,Renewable electricity (% output),2021,17.0,%,World Bank,national,2026-10-04
Sarawak,Renewable electricity (% output),2021,17.0,%,World Bank,national,2026-10-04
Brunei,Renewable electricity (% output),2021,0.02,%,World Bank,national,2026-10-04
Kalimantan,Renewable electricity (% output),2021,15.53,%,World Bank,national,2026-10-04
Malaysia,Poverty headcount <$2.15/day (SDG1),2021,0,%,UN SDG API,national,2026-10-04
Indonesia,Poverty headcount <$2.15/day (SDG1),2025,4,%,UN SDG API,national,2026-10-04
Kalimantan Barat,Unemployment rate,2025,4.82,%,BPS Indonesia,province,2026-10-04
Kalimantan Barat,Mean years schooling (RLS),2025,8.07,years,BPS Indonesia,province,2026-10-04
Kalimantan Barat,GDP growth (PDRB),2023,4.46,%,BPS Indonesia,province,2026-10-04
Kalimantan Barat,Crop production (paddy),2025,774908,tonnes,BPS Indonesia,province,2026-10-04
Kalimantan Barat,Tourist trips (domestic),2025,903765,trips,BPS Indonesia,province,2026-10-04
Kalimantan Barat,Life expectancy,2024,70.13,years,BPS Indonesia,province,2026-10-04
Kalimantan Tengah,Unemployment rate,2025,3.97,%,BPS Indonesia,province,2026-10-04
Kalimantan Tengah,Poverty rate (P0),2025,5.19,%,BPS Indonesia,province,2026-10-04
Kalimantan Tengah,Mean years schooling (RLS),2025,8.96,years,BPS Indonesia,province,2026-10-04
Kalimantan Tengah,Crop production (paddy),2025,333428.63,tonnes,BPS Indonesia,province,2026-10-04
Kalimantan Tengah,Households,2019,704473,households,BPS Indonesia,province,2026-10-04
Kalimantan Tengah,Tourist trips (domestic),2025,505991,trips,BPS Indonesia,province,2026-10-04
Kalimantan Tengah,Life expectancy,2025,74.01,years,BPS Indonesia,province,2026-10-04
Kalimantan Selatan,Unemployment rate,2025,3.94,%,BPS Indonesia,province,2026-10-04
Kalimantan Selatan,Poverty rate (P0),2025,3.84,%,BPS Indonesia,province,2026-10-04
Kalimantan Selatan,Mean years schooling (RLS),2025,8.81,years,BPS Indonesia,province,2026-10-04
Kalimantan Selatan,Crop production (paddy),2025,290332.45,tonnes,BPS Indonesia,province,2026-10-04
Kalimantan Selatan,Tourist trips (domestic),2025,1822941,trips,BPS Indonesia,province,2026-10-04
Kalimantan Selatan,Life expectancy,2024,69.65,years,BPS Indonesia,province,2026-10-04
Kalimantan Timur,Unemployment rate,2025,5.18,%,BPS Indonesia,province,2026-10-04
Kalimantan Timur,Poverty rate (P0),2025,5.17,%,BPS Indonesia,province,2026-10-04
Kalimantan Timur,Mean years schooling (RLS),2025,10.1,years,BPS Indonesia,province,2026-10-04
Kalimantan Timur,GDP growth (PDRB),2025,4.53,%,BPS Indonesia,province,2026-10-04
Kalimantan Timur,Electrification ratio,2022,93.09,%,BPS Indonesia,province,2026-10-04
Kalimantan Timur,Crop production (paddy),2023,215290.58,tonnes,BPS Indonesia,province,2026-10-04
Kalimantan Timur,Households,2019,925303,households,BPS Indonesia,province,2026-10-04
Kalimantan Timur,Tourist trips (domestic),2025,1386611,trips,BPS Indonesia,province,2026-10-04
Kalimantan Timur,Life expectancy,2024,75.03,years,BPS Indonesia,province,2026-10-04
Kalimantan Utara,Unemployment rate,2025,3.85,%,BPS Indonesia,province,2026-10-04
Kalimantan Utara,Poverty rate (P0),2024,6.32,%,BPS Indonesia,province,2026-10-04
Kalimantan Utara,Mean years schooling (RLS),2025,9.44,years,BPS Indonesia,province,2026-10-04
Kalimantan Utara,Crop production (paddy),2023,6632.07,tonnes,BPS Indonesia,province,2026-10-04
Kalimantan Utara,Tourist trips (domestic),2025,122028,trips,BPS Indonesia,province,2026-10-04
Kalimantan Utara,Life expectancy,2024,72.73,years,BPS Indonesia,province,2026-10-04
Kalimantan Barat,Clean water access,2025,79.47,%,BPS Indonesia (national by-province),province,2026-10-04
Kalimantan Tengah,Clean water access,2025,80.58,%,BPS Indonesia (national by-province),province,2026-10-04
Kalimantan Selatan,Clean water access,2025,89.64,%,BPS Indonesia (national by-province),province,2026-10-04
Kalimantan Timur,Clean water access,2025,75.49,%,BPS Indonesia (national by-province),province,2026-10-04
Kalimantan Utara,Clean water access,2025,91.59,%,BPS Indonesia (national by-province),province,2026-10-04
Sabah,Forest extent (2000),2000,6684138,ha,Global Forest Watch,satellite,2026-10-04
Sabah,Tree cover loss (cumulative),2001-2023,1803226,ha,Global Forest Watch,satellite,2026-10-04
Sarawak,Forest extent (2000),2000,11643005,ha,Global Forest Watch,satellite,2026-10-04
Sarawak,Tree cover loss (cumulative),2001-2023,3183066,ha,Global Forest Watch,satellite,2026-10-04
Brunei,Forest extent (2000),2000,529339,ha,Global Forest Watch,satellite,2026-10-04
Brunei,Tree cover loss (cumulative),2001-2023,30486,ha,Global Forest Watch,satellite,2026-10-04
Kalimantan Barat,Forest extent (2000),2000,13640415,ha,Global Forest Watch,satellite,2026-10-04
Kalimantan Barat,Tree cover loss (cumulative),2001-2023,3828473,ha,Global Forest Watch,satellite,2026-10-04
Kalimantan Selatan,Forest extent (2000),2000,2818022,ha,Global Forest Watch,satellite,2026-10-04
Kalimantan Selatan,Tree cover loss (cumulative),2001-2023,854252,ha,Global Forest Watch,satellite,2026-10-04
Kalimantan Tengah,Forest extent (2000),2000,14220872,ha,Global Forest Watch,satellite,2026-10-04
Kalimantan Tengah,Tree cover loss (cumulative),2001-2023,3596740,ha,Global Forest Watch,satellite,2026-10-04
Kalimantan Timur,Forest extent (2000),2000,18555914,ha,Global Forest Watch,satellite,2026-10-04
Kalimantan Timur,Tree cover loss (cumulative),2001-2023,3633432,ha,Global Forest Watch,satellite,2026-10-04
Kalimantan Utara,Forest extent (2000),2000,689817,ha,Global Forest Watch,satellite,2026-10-04
Kalimantan Utara,Tree cover loss (cumulative),2001-2023,146903,ha,Global Forest Watch,satellite,2026-10-04
Sabah,"Fire alerts (VIIRS, annual)",2025,697,count,Global Forest Watch (VIIRS),satellite,2026-10-04
Sarawak,"Fire alerts (VIIRS, annual)",2025,3326,count,Global Forest Watch (VIIRS),satellite,2026-10-04
Brunei,"Fire alerts (VIIRS, annual)",2025,128,count,Global Forest Watch (VIIRS),satellite,2026-10-04
Kalimantan Barat,"Fire alerts (VIIRS, annual)",2025,21611,count,Global Forest Watch (VIIRS),satellite,2026-10-04
Kalimantan Selatan,"Fire alerts (VIIRS, annual)",2025,1987,count,Global Forest Watch (VIIRS),satellite,2026-10-04
Kalimantan Tengah,"Fire alerts (VIIRS, annual)",2025,3895,count,Global Forest Watch (VIIRS),satellite,2026-10-04
Kalimantan Utara,"Fire alerts (VIIRS, annual)",2025,159,count,Global Forest Watch (VIIRS),satellite,2026-10-04
Sabah,Active fire hotspots (24h),2026-10-03,1,detections,NASA FIRMS (VIIRS); 3496/3534 bbox detections spatially matched,satellite,2026-10-04
Sarawak,Active fire hotspots (24h),2026-10-03,6,detections,NASA FIRMS (VIIRS); 3496/3534 bbox detections spatially matched,satellite,2026-10-04
Brunei,Active fire hotspots (24h),2026-10-03,1,detections,NASA FIRMS (VIIRS); 3496/3534 bbox detections spatially matched,satellite,2026-10-04
Kalimantan,Active fire hotspots (24h),2026-10-03,3488,detections,NASA FIRMS (VIIRS); 3496/3534 bbox detections spatially matched,satellite,2026-10-04
Borneo (all),Active fire hotspots (24h),2026-10-03,3534,detections,NASA FIRMS (VIIRS); 3496/3534 bbox detections spatially matched,satellite,2026-10-04
Sabah,"Air quality (AQI, live)",2026,29,AQI,WAQI / aqicn,city,2026-10-04
Sarawak,"Air quality (AQI, live)",2026,94,AQI,WAQI / aqicn,city,2026-10-04
Brunei,"Air quality (AQI, live)",2026,107,AQI,WAQI / aqicn,city,2026-10-04
Kalimantan Barat,"Air quality (AQI, live)",2023,62,AQI,WAQI / aqicn,city,2026-10-04
Kalimantan Timur,"Air quality (AQI, live)",2026,174,AQI,WAQI / aqicn,city,2026-10-04
Kalimantan Tengah,"Air quality (AQI, live)",2026,407,AQI,WAQI / aqicn,city,2026-10-04
Kalimantan,"Air quality (AQI, live)",2026,214,AQI,WAQI / aqicn (mean of 3 Kalimantan cities),city,2026-10-04
Sabah,Mean years schooling (RLS),2023,8.7,years,Global Data Lab Subnational HDI (globaldatalab.org),modeled,2026-10-04
Sarawak,Mean years schooling (RLS),2023,8.7,years,Global Data Lab Subnational HDI (globaldatalab.org),modeled,2026-10-04
Brunei,Mean years schooling (RLS),2023,9.28,years,Global Data Lab Subnational HDI (globaldatalab.org),modeled,2026-10-04
Kalimantan Barat,Electrification ratio,2024,99.85,%,"Indonesia Ministry of Energy and Mineral Resources (ESDM), Electricity Statistics 2024, Table 7, printed page 9; PLN + non-PLN households",province,2026-10-04
Kalimantan Tengah,Electrification ratio,2024,98.05,%,"Indonesia Ministry of Energy and Mineral Resources (ESDM), Electricity Statistics 2024, Table 7, printed page 9; PLN + non-PLN households",province,2026-10-04
Kalimantan Selatan,Electrification ratio,2024,99.99,%,"Indonesia Ministry of Energy and Mineral Resources (ESDM), Electricity Statistics 2024, Table 7, printed page 9; PLN + non-PLN households",province,2026-10-04
Kalimantan Timur,Electrification ratio,2024,99.99,%,"Indonesia Ministry of Energy and Mineral Resources (ESDM), Electricity Statistics 2024, Table 7, printed page 9; PLN + non-PLN households",province,2026-10-04
Kalimantan Utara,Electrification ratio,2024,99.99,%,"Indonesia Ministry of Energy and Mineral Resources (ESDM), Electricity Statistics 2024, Table 7, printed page 9; PLN + non-PLN households",province,2026-10-04
Kalimantan,Electrification ratio,2024,99.65,%,"Derived from ESDM Electricity Statistics 2024 Table 7: household-weighted (5264705 electrified / 5283206 total), official PDF https://gatrik.esdm.go.id/assets/uploads/download_index/files/91fa8-buku-statistik-ketenagalistrikan-2024.pdf",territory,2026-10-04
Kalimantan Barat,Population,2025,5766000,people,"Statistics Indonesia (BPS), Statistics Indonesia 2025, Table 3.1.1, Population (thousand), 2025 column",province,2026-10-04
Kalimantan Tengah,Population,2025,2845000,people,"Statistics Indonesia (BPS), Statistics Indonesia 2025, Table 3.1.1, Population (thousand), 2025 column",province,2026-10-04
Kalimantan Selatan,Population,2025,4323300,people,"Statistics Indonesia (BPS), Statistics Indonesia 2025, Table 3.1.1, Population (thousand), 2025 column",province,2026-10-04
Kalimantan Timur,Population,2025,4267600,people,"Statistics Indonesia (BPS), Statistics Indonesia 2025, Table 3.1.1, Population (thousand), 2025 column",province,2026-10-04
Kalimantan Utara,Population,2025,749400,people,"Statistics Indonesia (BPS), Statistics Indonesia 2025, Table 3.1.1, Population (thousand), 2025 column",province,2026-10-04
Kalimantan,Population,2025,17951300,people,"Derived sum of all 5 provinces from Statistics Indonesia (BPS), Statistics Indonesia 2025, Table 3.1.1",territory,2026-10-04
Brunei,Households,2021,87137,households,DEPS Brunei Population & Housing Census 2021,national,2026-10-04
Kalimantan,Unemployment rate,2025,4.35,%,"BPS Indonesia (unweighted mean of 5/5 provinces, approx)",territory,2026-10-04
Kalimantan,Mean years schooling (RLS),2025,9.08,years,"BPS Indonesia (unweighted mean of 5/5 provinces, approx)",territory,2026-10-04
Kalimantan,GDP growth (PDRB),2025,4.53,%,"BPS Indonesia (unweighted mean of 1/5 provinces, approx)",territory,2026-10-04
Kalimantan,Crop production (paddy),2025,1398669.08,tonnes,BPS Indonesia (sum of 3/5 provinces),territory,2026-10-04
Kalimantan,Tourist trips (domestic),2025,4741336.0,trips,BPS Indonesia (sum of 5/5 provinces),territory,2026-10-04
Kalimantan,Life expectancy,2024,71.89,years,"BPS Indonesia (unweighted mean of 4/5 provinces, approx)",territory,2026-10-04
Kalimantan,Poverty rate (P0),2025,4.73,%,"BPS Indonesia (unweighted mean of 3/5 provinces, approx)",territory,2026-10-04
Kalimantan,Households,2019,1629776.0,households,BPS Indonesia (sum of 2/5 provinces),territory,2026-10-04
Kalimantan,Clean water access,2025,83.35,%,"BPS Indonesia (national by-province) (unweighted mean of 5/5 provinces, approx)",territory,2026-10-04
Kalimantan,Forest extent (2000),2000,49925040.0,ha,Global Forest Watch (sum of 5/5 provinces),territory,2026-10-04
Kalimantan,Tree cover loss (cumulative),2001-2023,12059800.0,ha,Global Forest Watch (sum of 5/5 provinces),territory,2026-10-04
Kalimantan,"Fire alerts (VIIRS, annual)",2025,27652.0,count,Global Forest Watch (VIIRS) (sum of 4/5 provinces),territory,2026-10-04
Sabah,UNESCO World Heritage Sites,2026,1,count,STALE — retained from previous successful run; UNESCO World Heritage List (whc.unesco.org),state,2026-10-02
Sarawak,UNESCO World Heritage Sites,2026,2,count,STALE — retained from previous successful run; UNESCO World Heritage List (whc.unesco.org),state,2026-10-02
Brunei,UNESCO World Heritage Sites,2026,0,count,STALE — retained from previous successful run; UNESCO World Heritage List (whc.unesco.org),national,2026-10-02
Kalimantan,UNESCO World Heritage Sites,2026,0,count,STALE — retained from previous successful run; UNESCO World Heritage List (whc.unesco.org),territory,2026-10-02
